learner,opponent,seed,learner_seat,result,winner_seat,decisions,latency_ms,memory_mb,failure,engine_seed_controlled,diagnostics_json
our_lopunny_froslass_g0,beam_search_940,22350720,1,loss,0,158,3524.423,,,False,"[{},{""model_actions"":84,""fallback_actions"":0,""load_errors"":0,""inference_errors"":0,""illegal_model_actions"":0,""low_confidence_actions"":0,""illegal_fallback_actions"":0,""emergency_legal_actions"":0,""checkpoint"":""/homes/lzhang/pocketmon/results/our_agents_2026-08-06/lopunny_froslass_g0/checkpoint.pt"",""checkpoint_exists"":true,""checkpoint_sha256"":""ec9f85acd51ac2c8f2e0b3b7977dc33e818d3dde72e234ece85bc1ef9b2fe101"",""history_enabled"":false,""history_tokens"":0,""structured"":true,""deck_cards"":60,""confidence_threshold"":0.0,""last_confidence"":0.5998613238334656,""package_root"":""/homes/lzhang/pocketmon/results/our_agents_2026-08-06/lopunny_froslass_g0""}]"
our_raging_bolt_g0,alakazam_5th,20270719,1,win,1,167,2664.019,,,False,"[{},{""model_actions"":86,""fallback_actions"":0,""load_errors"":0,""inference_errors"":0,""illegal_model_actions"":0,""low_confidence_actions"":0,""illegal_fallback_actions"":0,""emergency_legal_actions"":0,""checkpoint"":""/homes/lzhang/pocketmon/results/our_agents_2026-08-06/raging_bolt_g0/checkpoint.pt"",""checkpoint_exists"":true,""checkpoint_sha256"":""de0b7e36c94ec920466cc2eaa85d9dbd7d93f3fe049d56393450e40174854ce3"",""history_enabled"":false,""history_tokens"":0,""structured"":true,""deck_cards"":60,""confidence_threshold"":0.0,""last_confidence"":0.41579437255859375,""package_root"":""/homes/lzhang/pocketmon/results/our_agents_2026-08-06/raging_bolt_g0""}]"
our_raging_bolt_g0,roman_recent_885,20380719,0,loss,1,104,3969.821,,,False,"[{""model_actions"":53,""fallback_actions"":0,""load_errors"":0,""inference_errors"":0,""illegal_model_actions"":0,""low_confidence_actions"":0,""illegal_fallback_actions"":0,""emergency_legal_actions"":0,""checkpoint"":""/homes/lzhang/pocketmon/results/our_agents_2026-08-06/raging_bolt_g0/checkpoint.pt"",""checkpoint_exists"":true,""checkpoint_sha256"":""de0b7e36c94ec920466cc2eaa85d9dbd7d93f3fe049d56393450e40174854ce3"",""history_enabled"":false,""history_tokens"":0,""structured"":true,""deck_cards"":60,""confidence_threshold"":0.0,""last_confidence"":0.22439923882484436,""package_root"":""/homes/lzhang/pocketmon/results/our_agents_2026-08-06/raging_bolt_g0""},{}]"
our_dragapult_munkidori_g0,roman_recent_885,21380719,1,win,1,148,4789.926,,,False,"[{},{""model_actions"":103,""fallback_actions"":0,""load_errors"":0,""inference_errors"":0,""illegal_model_actions"":0,""low_confidence_actions"":0,""illegal_fallback_actions"":0,""emergency_legal_actions"":0,""checkpoint"":""/homes/lzhang/pocketmon/results/our_agents_2026-08-06/dragapult_munkidori_g0/checkpoint.pt"",""checkpoint_exists"":true,""checkpoint_sha256"":""cf9631897196c825dd535ac91c73abf0fbef0f3dda812fbb7193629acf65527f"",""history_enabled"":false,""history_tokens"":0,""structured"":true,""deck_cards"":60,""confidence_threshold"":0.0,""last_confidence"":1.0,""package_root"":""/homes/lzhang/pocketmon/results/our_agents_2026-08-06/dragapult_munkidori_g0""}]"
our_dragapult_munkidori_g0,lucario_1084,21330720,1,loss,0,143,2210.997,,,False,"[{},{""model_actions"":71,""fallback_actions"":0,""load_errors"":0,""inference_errors"":0,""illegal_model_actions"":0,""low_confidence_actions"":0,""illegal_fallback_actions"":0,""emergency_legal_actions"":0,""checkpoint"":""/homes/lzhang/pocketmon/results/our_agents_2026-08-06/dragapult_munkidori_g0/checkpoint.pt"",""checkpoint_exists"":true,""checkpoint_sha256"":""cf9631897196c825dd535ac91c73abf0fbef0f3dda812fbb7193629acf65527f"",""history_enabled"":false,""history_tokens"":0,""structured"":true,""deck_cards"":60,""confidence_threshold"":0.0,""last_confidence"":1.0,""package_root"":""/homes/lzhang/pocketmon/results/our_agents_2026-08-06/dragapult_munkidori_g0""}]"
our_dragapult_munkidori_g0,lucario_sample,21320719,1,loss,0,145,2191.024,,,False,"[{},{""model_actions"":69,""fallback_actions"":0,""load_errors"":0,""inference_errors"":0,""illegal_model_actions"":0,""low_confidence_actions"":0,""illegal_fallback_actions"":0,""emergency_legal_actions"":0,""checkpoint"":""/homes/lzhang/pocketmon/results/our_agents_2026-08-06/dragapult_munkidori_g0/checkpoint.pt"",""checkpoint_exists"":true,""checkpoint_sha256"":""cf9631897196c825dd535ac91c73abf0fbef0f3dda812fbb7193629acf65527f"",""history_enabled"":false,""history_tokens"":0,""structured"":true,""deck_cards"":60,""confidence_threshold"":0.0,""last_confidence"":1.0,""package_root"":""/homes/lzhang/pocketmon/results/our_agents_2026-08-06/dragapult_munkidori_g0""}]"
our_dragapult_munkidori_g0,beam_search_940,21350720,0,loss,1,149,3402.967,,,False,"[{""model_actions"":81,""fallback_actions"":0,""load_errors"":0,""inference_errors"":0,""illegal_model_actions"":0,""low_confidence_actions"":0,""illegal_fallback_actions"":0,""emergency_legal_actions"":0,""checkpoint"":""/homes/lzhang/pocketmon/results/our_agents_2026-08-06/dragapult_munkidori_g0/checkpoint.pt"",""checkpoint_exists"":true,""checkpoint_sha256"":""cf9631897196c825dd535ac91c73abf0fbef0f3dda812fbb7193629acf65527f"",""history_enabled"":false,""history_tokens"":0,""structured"":true,""deck_cards"":60,""confidence_threshold"":0.0,""last_confidence"":1.0,""package_root"":""/homes/lzhang/pocketmon/results/our_agents_2026-08-06/dragapult_munkidori_g0""},{}]"
our_lopunny_froslass_g0,dragapult,22300719,1,win,1,201,2291.67,,,False,"[{},{""model_actions"":90,""fallback_actions"":0,""load_errors"":0,""inference_errors"":0,""illegal_model_actions"":0,""low_confidence_actions"":0,""illegal_fallback_actions"":0,""emergency_legal_actions"":0,""checkpoint"":""/homes/lzhang/pocketmon/results/our_agents_2026-08-06/lopunny_froslass_g0/checkpoint.pt"",""checkpoint_exists"":true,""checkpoint_sha256"":""ec9f85acd51ac2c8f2e0b3b7977dc33e818d3dde72e234ece85bc1ef9b2fe101"",""history_enabled"":false,""history_tokens"":0,""structured"":true,""deck_cards"":60,""confidence_threshold"":0.0,""last_confidence"":1.0,""package_root"":""/homes/lzhang/pocketmon/results/our_agents_2026-08-06/lopunny_froslass_g0""}]"
our_dragapult_munkidori_g0,roman_recent_885,21380720,1,win,1,184,7283.482,,,False,"[{},{""model_actions"":111,""fallback_actions"":0,""load_errors"":0,""inference_errors"":0,""illegal_model_actions"":0,""low_confidence_actions"":0,""illegal_fallback_actions"":0,""emergency_legal_actions"":0,""checkpoint"":""/homes/lzhang/pocketmon/results/our_agents_2026-08-06/dragapult_munkidori_g0/checkpoint.pt"",""checkpoint_exists"":true,""checkpoint_sha256"":""cf9631897196c825dd535ac91c73abf0fbef0f3dda812fbb7193629acf65527f"",""history_enabled"":false,""history_tokens"":0,""structured"":true,""deck_cards"":60,""confidence_threshold"":0.0,""last_confidence"":1.0,""package_root"":""/homes/lzhang/pocketmon/results/our_agents_2026-08-06/dragapult_munkidori_g0""}]"
our_lopunny_froslass_g0,roman_recent_885,22380719,1,win,1,140,6218.041,,,False,"[{},{""model_actions"":71,""fallback_actions"":0,""load_errors"":0,""inference_errors"":0,""illegal_model_actions"":0,""low_confidence_actions"":0,""illegal_fallback_actions"":0,""emergency_legal_actions"":0,""checkpoint"":""/homes/lzhang/pocketmon/results/our_agents_2026-08-06/lopunny_froslass_g0/checkpoint.pt"",""checkpoint_exists"":true,""checkpoint_sha256"":""ec9f85acd51ac2c8f2e0b3b7977dc33e818d3dde72e234ece85bc1ef9b2fe101"",""history_enabled"":false,""history_tokens"":0,""structured"":true,""deck_cards"":60,""confidence_threshold"":0.0,""last_confidence"":1.0,""package_root"":""/homes/lzhang/pocketmon/results/our_agents_2026-08-06/lopunny_froslass_g0""}]"
our_raging_bolt_g0,grim_hybrid_909,20360719,0,loss,1,138,4588.379,,,False,"[{""model_actions"":57,""fallback_actions"":0,""load_errors"":0,""inference_errors"":0,""illegal_model_actions"":0,""low_confidence_actions"":0,""illegal_fallback_actions"":0,""emergency_legal_actions"":0,""checkpoint"":""/homes/lzhang/pocketmon/results/our_agents_2026-08-06/raging_bolt_g0/checkpoint.pt"",""checkpoint_exists"":true,""checkpoint_sha256"":""de0b7e36c94ec920466cc2eaa85d9dbd7d93f3fe049d56393450e40174854ce3"",""history_enabled"":false,""history_tokens"":0,""structured"":true,""deck_cards"":60,""confidence_threshold"":0.0,""last_confidence"":0.30262693762779236,""package_root"":""/homes/lzhang/pocketmon/results/our_agents_2026-08-06/raging_bolt_g0""},{}]"
our_lopunny_froslass_g0,library_out_1208,22290719,1,win,1,46,3281.758,,,False,"[{},{""model_actions"":32,""fallback_actions"":0,""load_errors"":0,""inference_errors"":0,""illegal_model_actions"":0,""low_confidence_actions"":0,""illegal_fallback_actions"":0,""emergency_legal_actions"":0,""checkpoint"":""/homes/lzhang/pocketmon/results/our_agents_2026-08-06/lopunny_froslass_g0/checkpoint.pt"",""checkpoint_exists"":true,""checkpoint_sha256"":""ec9f85acd51ac2c8f2e0b3b7977dc33e818d3dde72e234ece85bc1ef9b2fe101"",""history_enabled"":false,""history_tokens"":0,""structured"":true,""deck_cards"":60,""confidence_threshold"":0.0,""last_confidence"":0.6907957792282104,""package_root"":""/homes/lzhang/pocketmon/results/our_agents_2026-08-06/lopunny_froslass_g0""}]"
our_raging_bolt_g0,grim_hybrid_909,20360720,0,loss,1,122,3154.433,,,False,"[{""model_actions"":61,""fallback_actions"":0,""load_errors"":0,""inference_errors"":0,""illegal_model_actions"":0,""low_confidence_actions"":0,""illegal_fallback_actions"":0,""emergency_legal_actions"":0,""checkpoint"":""/homes/lzhang/pocketmon/results/our_agents_2026-08-06/raging_bolt_g0/checkpoint.pt"",""checkpoint_exists"":true,""checkpoint_sha256"":""de0b7e36c94ec920466cc2eaa85d9dbd7d93f3fe049d56393450e40174854ce3"",""history_enabled"":false,""history_tokens"":0,""structured"":true,""deck_cards"":60,""confidence_threshold"":0.0,""last_confidence"":0.7346214056015015,""package_root"":""/homes/lzhang/pocketmon/results/our_agents_2026-08-06/raging_bolt_g0""},{}]"
our_raging_bolt_g0,library_out_1208,20290719,1,loss,0,126,2826.535,,,False,"[{},{""model_actions"":79,""fallback_actions"":0,""load_errors"":0,""inference_errors"":0,""illegal_model_actions"":0,""low_confidence_actions"":0,""illegal_fallback_actions"":0,""emergency_legal_actions"":0,""checkpoint"":""/homes/lzhang/pocketmon/results/our_agents_2026-08-06/raging_bolt_g0/checkpoint.pt"",""checkpoint_exists"":true,""checkpoint_sha256"":""de0b7e36c94ec920466cc2eaa85d9dbd7d93f3fe049d56393450e40174854ce3"",""history_enabled"":false,""history_tokens"":0,""structured"":true,""deck_cards"":60,""confidence_threshold"":0.0,""last_confidence"":0.12061206996440887,""package_root"":""/homes/lzhang/pocketmon/results/our_agents_2026-08-06/raging_bolt_g0""}]"
our_lopunny_froslass_g0,probabilistic,22340720,1,loss,0,140,2577.174,,,False,"[{},{""model_actions"":63,""fallback_actions"":0,""load_errors"":0,""inference_errors"":0,""illegal_model_actions"":0,""low_confidence_actions"":0,""illegal_fallback_actions"":0,""emergency_legal_actions"":0,""checkpoint"":""/homes/lzhang/pocketmon/results/our_agents_2026-08-06/lopunny_froslass_g0/checkpoint.pt"",""checkpoint_exists"":true,""checkpoint_sha256"":""ec9f85acd51ac2c8f2e0b3b7977dc33e818d3dde72e234ece85bc1ef9b2fe101"",""history_enabled"":false,""history_tokens"":0,""structured"":true,""deck_cards"":60,""confidence_threshold"":0.0,""last_confidence"":1.0,""package_root"":""/homes/lzhang/pocketmon/results/our_agents_2026-08-06/lopunny_froslass_g0""}]"
our_raging_bolt_g0,lucario_1084,20330719,0,loss,1,123,4958.826,,,False,"[{""model_actions"":61,""fallback_actions"":0,""load_errors"":0,""inference_errors"":0,""illegal_model_actions"":0,""low_confidence_actions"":0,""illegal_fallback_actions"":0,""emergency_legal_actions"":0,""checkpoint"":""/homes/lzhang/pocketmon/results/our_agents_2026-08-06/raging_bolt_g0/checkpoint.pt"",""checkpoint_exists"":true,""checkpoint_sha256"":""de0b7e36c94ec920466cc2eaa85d9dbd7d93f3fe049d56393450e40174854ce3"",""history_enabled"":false,""history_tokens"":0,""structured"":true,""deck_cards"":60,""confidence_threshold"":0.0,""last_confidence"":0.41973844170570374,""package_root"":""/homes/lzhang/pocketmon/results/our_agents_2026-08-06/raging_bolt_g0""},{}]"
our_raging_bolt_g0,lucario_sample,20320720,0,loss,1,75,2716.145,,,False,"[{""model_actions"":42,""fallback_actions"":0,""load_errors"":0,""inference_errors"":0,""illegal_model_actions"":0,""low_confidence_actions"":0,""illegal_fallback_actions"":0,""emergency_legal_actions"":0,""checkpoint"":""/homes/lzhang/pocketmon/results/our_agents_2026-08-06/raging_bolt_g0/checkpoint.pt"",""checkpoint_exists"":true,""checkpoint_sha256"":""de0b7e36c94ec920466cc2eaa85d9dbd7d93f3fe049d56393450e40174854ce3"",""history_enabled"":false,""history_tokens"":0,""structured"":true,""deck_cards"":60,""confidence_threshold"":0.0,""last_confidence"":0.7507312297821045,""package_root"":""/homes/lzhang/pocketmon/results/our_agents_2026-08-06/raging_bolt_g0""},{}]"
our_lopunny_froslass_g0,official_random,22260719,0,win,0,44,2368.276,,,False,"[{""model_actions"":33,""fallback_actions"":0,""load_errors"":0,""inference_errors"":0,""illegal_model_actions"":0,""low_confidence_actions"":0,""illegal_fallback_actions"":0,""emergency_legal_actions"":0,""checkpoint"":""/homes/lzhang/pocketmon/results/our_agents_2026-08-06/lopunny_froslass_g0/checkpoint.pt"",""checkpoint_exists"":true,""checkpoint_sha256"":""ec9f85acd51ac2c8f2e0b3b7977dc33e818d3dde72e234ece85bc1ef9b2fe101"",""history_enabled"":false,""history_tokens"":0,""structured"":true,""deck_cards"":60,""confidence_threshold"":0.0,""last_confidence"":0.6639012694358826,""package_root"":""/homes/lzhang/pocketmon/results/our_agents_2026-08-06/lopunny_froslass_g0""},{}]"
our_raging_bolt_g0,dragapult,20300720,0,loss,1,215,2565.329,,,False,"[{""model_actions"":101,""fallback_actions"":0,""load_errors"":0,""inference_errors"":0,""illegal_model_actions"":0,""low_confidence_actions"":0,""illegal_fallback_actions"":0,""emergency_legal_actions"":0,""checkpoint"":""/homes/lzhang/pocketmon/results/our_agents_2026-08-06/raging_bolt_g0/checkpoint.pt"",""checkpoint_exists"":true,""checkpoint_sha256"":""de0b7e36c94ec920466cc2eaa85d9dbd7d93f3fe049d56393450e40174854ce3"",""history_enabled"":false,""history_tokens"":0,""structured"":true,""deck_cards"":60,""confidence_threshold"":0.0,""last_confidence"":1.0,""package_root"":""/homes/lzhang/pocketmon/results/our_agents_2026-08-06/raging_bolt_g0""},{}]"
our_dragapult_munkidori_g0,simple_matchup,21370719,0,loss,1,138,2746.758,,,False,"[{""model_actions"":71,""fallback_actions"":0,""load_errors"":0,""inference_errors"":0,""illegal_model_actions"":0,""low_confidence_actions"":0,""illegal_fallback_actions"":0,""emergency_legal_actions"":0,""checkpoint"":""/homes/lzhang/pocketmon/results/our_agents_2026-08-06/dragapult_munkidori_g0/checkpoint.pt"",""checkpoint_exists"":true,""checkpoint_sha256"":""cf9631897196c825dd535ac91c73abf0fbef0f3dda812fbb7193629acf65527f"",""history_enabled"":false,""history_tokens"":0,""structured"":true,""deck_cards"":60,""confidence_threshold"":0.0,""last_confidence"":0.835439145565033,""package_root"":""/homes/lzhang/pocketmon/results/our_agents_2026-08-06/dragapult_munkidori_g0""},{}]"
our_raging_bolt_g0,library_out_1208,20290719,0,loss,1,120,2230.645,,,False,"[{""model_actions"":81,""fallback_actions"":0,""load_errors"":0,""inference_errors"":0,""illegal_model_actions"":0,""low_confidence_actions"":0,""illegal_fallback_actions"":0,""emergency_legal_actions"":0,""checkpoint"":""/homes/lzhang/pocketmon/results/our_agents_2026-08-06/raging_bolt_g0/checkpoint.pt"",""checkpoint_exists"":true,""checkpoint_sha256"":""de0b7e36c94ec920466cc2eaa85d9dbd7d93f3fe049d56393450e40174854ce3"",""history_enabled"":false,""history_tokens"":0,""structured"":true,""deck_cards"":60,""confidence_threshold"":0.0,""last_confidence"":0.30865511298179626,""package_root"":""/homes/lzhang/pocketmon/results/our_agents_2026-08-06/raging_bolt_g0""},{}]"
our_raging_bolt_g0,beam_search_940,20350720,1,loss,0,40,2322.256,,,False,"[{},{""model_actions"":9,""fallback_actions"":0,""load_errors"":0,""inference_errors"":0,""illegal_model_actions"":0,""low_confidence_actions"":0,""illegal_fallback_actions"":0,""emergency_legal_actions"":0,""checkpoint"":""/homes/lzhang/pocketmon/results/our_agents_2026-08-06/raging_bolt_g0/checkpoint.pt"",""checkpoint_exists"":true,""checkpoint_sha256"":""de0b7e36c94ec920466cc2eaa85d9dbd7d93f3fe049d56393450e40174854ce3"",""history_enabled"":false,""history_tokens"":0,""structured"":true,""deck_cards"":60,""confidence_threshold"":0.0,""last_confidence"":0.8085685968399048,""package_root"":""/homes/lzhang/pocketmon/results/our_agents_2026-08-06/raging_bolt_g0""}]"
our_raging_bolt_g0,probabilistic,20340720,0,loss,1,114,2575.455,,,False,"[{""model_actions"":52,""fallback_actions"":0,""load_errors"":0,""inference_errors"":0,""illegal_model_actions"":0,""low_confidence_actions"":0,""illegal_fallback_actions"":0,""emergency_legal_actions"":0,""checkpoint"":""/homes/lzhang/pocketmon/results/our_agents_2026-08-06/raging_bolt_g0/checkpoint.pt"",""checkpoint_exists"":true,""checkpoint_sha256"":""de0b7e36c94ec920466cc2eaa85d9dbd7d93f3fe049d56393450e40174854ce3"",""history_enabled"":false,""history_tokens"":0,""structured"":true,""deck_cards"":60,""confidence_threshold"":0.0,""last_confidence"":0.28891831636428833,""package_root"":""/homes/lzhang/pocketmon/results/our_agents_2026-08-06/raging_bolt_g0""},{}]"
our_dragapult_munkidori_g0,archaludon,21280720,0,loss,1,197,2690.417,,,False,"[{""model_actions"":127,""fallback_actions"":0,""load_errors"":0,""inference_errors"":0,""illegal_model_actions"":0,""low_confidence_actions"":0,""illegal_fallback_actions"":0,""emergency_legal_actions"":0,""checkpoint"":""/homes/lzhang/pocketmon/results/our_agents_2026-08-06/dragapult_munkidori_g0/checkpoint.pt"",""checkpoint_exists"":true,""checkpoint_sha256"":""cf9631897196c825dd535ac91c73abf0fbef0f3dda812fbb7193629acf65527f"",""history_enabled"":false,""history_tokens"":0,""structured"":true,""deck_cards"":60,""confidence_threshold"":0.0,""last_confidence"":0.38366249203681946,""package_root"":""/homes/lzhang/pocketmon/results/our_agents_2026-08-06/dragapult_munkidori_g0""},{}]"
our_dragapult_munkidori_g0,simple_matchup,21370719,1,loss,0,153,2462.192,,,False,"[{},{""model_actions"":91,""fallback_actions"":0,""load_errors"":0,""inference_errors"":0,""illegal_model_actions"":0,""low_confidence_actions"":0,""illegal_fallback_actions"":0,""emergency_legal_actions"":0,""checkpoint"":""/homes/lzhang/pocketmon/results/our_agents_2026-08-06/dragapult_munkidori_g0/checkpoint.pt"",""checkpoint_exists"":true,""checkpoint_sha256"":""cf9631897196c825dd535ac91c73abf0fbef0f3dda812fbb7193629acf65527f"",""history_enabled"":false,""history_tokens"":0,""structured"":true,""deck_cards"":60,""confidence_threshold"":0.0,""last_confidence"":0.41682299971580505,""package_root"":""/homes/lzhang/pocketmon/results/our_agents_2026-08-06/dragapult_munkidori_g0""}]"
our_lopunny_froslass_g0,roman_recent_885,22380719,0,loss,1,140,6891.334,,,False,"[{""model_actions"":43,""fallback_actions"":0,""load_errors"":0,""inference_errors"":0,""illegal_model_actions"":0,""low_confidence_actions"":0,""illegal_fallback_actions"":0,""emergency_legal_actions"":0,""checkpoint"":""/homes/lzhang/pocketmon/results/our_agents_2026-08-06/lopunny_froslass_g0/checkpoint.pt"",""checkpoint_exists"":true,""checkpoint_sha256"":""ec9f85acd51ac2c8f2e0b3b7977dc33e818d3dde72e234ece85bc1ef9b2fe101"",""history_enabled"":false,""history_tokens"":0,""structured"":true,""deck_cards"":60,""confidence_threshold"":0.0,""last_confidence"":0.8387274146080017,""package_root"":""/homes/lzhang/pocketmon/results/our_agents_2026-08-06/lopunny_froslass_g0""},{}]"
our_raging_bolt_g0,lucario_1084,20330720,1,loss,0,104,2355.229,,,False,"[{},{""model_actions"":39,""fallback_actions"":0,""load_errors"":0,""inference_errors"":0,""illegal_model_actions"":0,""low_confidence_actions"":0,""illegal_fallback_actions"":0,""emergency_legal_actions"":0,""checkpoint"":""/homes/lzhang/pocketmon/results/our_agents_2026-08-06/raging_bolt_g0/checkpoint.pt"",""checkpoint_exists"":true,""checkpoint_sha256"":""de0b7e36c94ec920466cc2eaa85d9dbd7d93f3fe049d56393450e40174854ce3"",""history_enabled"":false,""history_tokens"":0,""structured"":true,""deck_cards"":60,""confidence_threshold"":0.0,""last_confidence"":0.7051555514335632,""package_root"":""/homes/lzhang/pocketmon/results/our_agents_2026-08-06/raging_bolt_g0""}]"
our_dragapult_munkidori_g0,lucario_1084,21330719,1,win,1,188,2933.653,,,False,"[{},{""model_actions"":111,""fallback_actions"":0,""load_errors"":0,""inference_errors"":0,""illegal_model_actions"":0,""low_confidence_actions"":0,""illegal_fallback_actions"":0,""emergency_legal_actions"":0,""checkpoint"":""/homes/lzhang/pocketmon/results/our_agents_2026-08-06/dragapult_munkidori_g0/checkpoint.pt"",""checkpoint_exists"":true,""checkpoint_sha256"":""cf9631897196c825dd535ac91c73abf0fbef0f3dda812fbb7193629acf65527f"",""history_enabled"":false,""history_tokens"":0,""structured"":true,""deck_cards"":60,""confidence_threshold"":0.0,""last_confidence"":0.7415253520011902,""package_root"":""/homes/lzhang/pocketmon/results/our_agents_2026-08-06/dragapult_munkidori_g0""}]"
our_dragapult_munkidori_g0,probabilistic,21340719,1,win,1,168,2637.251,,,False,"[{},{""model_actions"":110,""fallback_actions"":0,""load_errors"":0,""inference_errors"":0,""illegal_model_actions"":0,""low_confidence_actions"":0,""illegal_fallback_actions"":0,""emergency_legal_actions"":0,""checkpoint"":""/homes/lzhang/pocketmon/results/our_agents_2026-08-06/dragapult_munkidori_g0/checkpoint.pt"",""checkpoint_exists"":true,""checkpoint_sha256"":""cf9631897196c825dd535ac91c73abf0fbef0f3dda812fbb7193629acf65527f"",""history_enabled"":false,""history_tokens"":0,""structured"":true,""deck_cards"":60,""confidence_threshold"":0.0,""last_confidence"":1.0,""package_root"":""/homes/lzhang/pocketmon/results/our_agents_2026-08-06/dragapult_munkidori_g0""}]"
our_lopunny_froslass_g0,lucario_sample,22320719,1,loss,0,162,2363.09,,,False,"[{},{""model_actions"":81,""fallback_actions"":0,""load_errors"":0,""inference_errors"":0,""illegal_model_actions"":0,""low_confidence_actions"":0,""illegal_fallback_actions"":0,""emergency_legal_actions"":0,""checkpoint"":""/homes/lzhang/pocketmon/results/our_agents_2026-08-06/lopunny_froslass_g0/checkpoint.pt"",""checkpoint_exists"":true,""checkpoint_sha256"":""ec9f85acd51ac2c8f2e0b3b7977dc33e818d3dde72e234ece85bc1ef9b2fe101"",""history_enabled"":false,""history_tokens"":0,""structured"":true,""deck_cards"":60,""confidence_threshold"":0.0,""last_confidence"":0.6114327311515808,""package_root"":""/homes/lzhang/pocketmon/results/our_agents_2026-08-06/lopunny_froslass_g0""}]"
our_raging_bolt_g0,probabilistic,20340719,1,loss,0,112,2874.361,,,False,"[{},{""model_actions"":47,""fallback_actions"":0,""load_errors"":0,""inference_errors"":0,""illegal_model_actions"":0,""low_confidence_actions"":0,""illegal_fallback_actions"":0,""emergency_legal_actions"":0,""checkpoint"":""/homes/lzhang/pocketmon/results/our_agents_2026-08-06/raging_bolt_g0/checkpoint.pt"",""checkpoint_exists"":true,""checkpoint_sha256"":""de0b7e36c94ec920466cc2eaa85d9dbd7d93f3fe049d56393450e40174854ce3"",""history_enabled"":false,""history_tokens"":0,""structured"":true,""deck_cards"":60,""confidence_threshold"":0.0,""last_confidence"":1.0,""package_root"":""/homes/lzhang/pocketmon/results/our_agents_2026-08-06/raging_bolt_g0""}]"
our_lopunny_froslass_g0,beam_search_940,22350719,0,loss,1,170,2431.601,,,False,"[{""model_actions"":97,""fallback_actions"":0,""load_errors"":0,""inference_errors"":0,""illegal_model_actions"":0,""low_confidence_actions"":0,""illegal_fallback_actions"":0,""emergency_legal_actions"":0,""checkpoint"":""/homes/lzhang/pocketmon/results/our_agents_2026-08-06/lopunny_froslass_g0/checkpoint.pt"",""checkpoint_exists"":true,""checkpoint_sha256"":""ec9f85acd51ac2c8f2e0b3b7977dc33e818d3dde72e234ece85bc1ef9b2fe101"",""history_enabled"":false,""history_tokens"":0,""structured"":true,""deck_cards"":60,""confidence_threshold"":0.0,""last_confidence"":0.5959197282791138,""package_root"":""/homes/lzhang/pocketmon/results/our_agents_2026-08-06/lopunny_froslass_g0""},{}]"
our_dragapult_munkidori_g0,roman_recent_885,21380720,0,loss,1,129,4892.064,,,False,"[{""model_actions"":50,""fallback_actions"":0,""load_errors"":0,""inference_errors"":0,""illegal_model_actions"":0,""low_confidence_actions"":0,""illegal_fallback_actions"":0,""emergency_legal_actions"":0,""checkpoint"":""/homes/lzhang/pocketmon/results/our_agents_2026-08-06/dragapult_munkidori_g0/checkpoint.pt"",""checkpoint_exists"":true,""checkpoint_sha256"":""cf9631897196c825dd535ac91c73abf0fbef0f3dda812fbb7193629acf65527f"",""history_enabled"":false,""history_tokens"":0,""structured"":true,""deck_cards"":60,""confidence_threshold"":0.0,""last_confidence"":1.0,""package_root"":""/homes/lzhang/pocketmon/results/our_agents_2026-08-06/dragapult_munkidori_g0""},{}]"
our_dragapult_munkidori_g0,iono,21310719,0,loss,1,238,4640.766,,,False,"[{""model_actions"":88,""fallback_actions"":0,""load_errors"":0,""inference_errors"":0,""illegal_model_actions"":0,""low_confidence_actions"":0,""illegal_fallback_actions"":0,""emergency_legal_actions"":0,""checkpoint"":""/homes/lzhang/pocketmon/results/our_agents_2026-08-06/dragapult_munkidori_g0/checkpoint.pt"",""checkpoint_exists"":true,""checkpoint_sha256"":""cf9631897196c825dd535ac91c73abf0fbef0f3dda812fbb7193629acf65527f"",""history_enabled"":false,""history_tokens"":0,""structured"":true,""deck_cards"":60,""confidence_threshold"":0.0,""last_confidence"":0.6532298922538757,""package_root"":""/homes/lzhang/pocketmon/results/our_agents_2026-08-06/dragapult_munkidori_g0""},{}]"
our_lopunny_froslass_g0,archaludon,22280720,1,loss,0,129,2342.543,,,False,"[{},{""model_actions"":85,""fallback_actions"":0,""load_errors"":0,""inference_errors"":0,""illegal_model_actions"":0,""low_confidence_actions"":0,""illegal_fallback_actions"":0,""emergency_legal_actions"":0,""checkpoint"":""/homes/lzhang/pocketmon/results/our_agents_2026-08-06/lopunny_froslass_g0/checkpoint.pt"",""checkpoint_exists"":true,""checkpoint_sha256"":""ec9f85acd51ac2c8f2e0b3b7977dc33e818d3dde72e234ece85bc1ef9b2fe101"",""history_enabled"":false,""history_tokens"":0,""structured"":true,""deck_cards"":60,""confidence_threshold"":0.0,""last_confidence"":0.6481039524078369,""package_root"":""/homes/lzhang/pocketmon/results/our_agents_2026-08-06/lopunny_froslass_g0""}]"
our_lopunny_froslass_g0,iono,22310720,0,loss,1,216,2389.824,,,False,"[{""model_actions"":84,""fallback_actions"":0,""load_errors"":0,""inference_errors"":0,""illegal_model_actions"":0,""low_confidence_actions"":0,""illegal_fallback_actions"":0,""emergency_legal_actions"":0,""checkpoint"":""/homes/lzhang/pocketmon/results/our_agents_2026-08-06/lopunny_froslass_g0/checkpoint.pt"",""checkpoint_exists"":true,""checkpoint_sha256"":""ec9f85acd51ac2c8f2e0b3b7977dc33e818d3dde72e234ece85bc1ef9b2fe101"",""history_enabled"":false,""history_tokens"":0,""structured"":true,""deck_cards"":60,""confidence_threshold"":0.0,""last_confidence"":0.6834399104118347,""package_root"":""/homes/lzhang/pocketmon/results/our_agents_2026-08-06/lopunny_froslass_g0""},{}]"
our_dragapult_munkidori_g0,dragapult,21300720,0,loss,1,245,2846.412,,,False,"[{""model_actions"":134,""fallback_actions"":0,""load_errors"":0,""inference_errors"":0,""illegal_model_actions"":0,""low_confidence_actions"":0,""illegal_fallback_actions"":0,""emergency_legal_actions"":0,""checkpoint"":""/homes/lzhang/pocketmon/results/our_agents_2026-08-06/dragapult_munkidori_g0/checkpoint.pt"",""checkpoint_exists"":true,""checkpoint_sha256"":""cf9631897196c825dd535ac91c73abf0fbef0f3dda812fbb7193629acf65527f"",""history_enabled"":false,""history_tokens"":0,""structured"":true,""deck_cards"":60,""confidence_threshold"":0.0,""last_confidence"":1.0,""package_root"":""/homes/lzhang/pocketmon/results/our_agents_2026-08-06/dragapult_munkidori_g0""},{}]"
our_dragapult_munkidori_g0,iono,21310719,1,loss,0,302,2743.625,,,False,"[{},{""model_actions"":149,""fallback_actions"":0,""load_errors"":0,""inference_errors"":0,""illegal_model_actions"":0,""low_confidence_actions"":0,""illegal_fallback_actions"":0,""emergency_legal_actions"":0,""checkpoint"":""/homes/lzhang/pocketmon/results/our_agents_2026-08-06/dragapult_munkidori_g0/checkpoint.pt"",""checkpoint_exists"":true,""checkpoint_sha256"":""cf9631897196c825dd535ac91c73abf0fbef0f3dda812fbb7193629acf65527f"",""history_enabled"":false,""history_tokens"":0,""structured"":true,""deck_cards"":60,""confidence_threshold"":0.0,""last_confidence"":1.0,""package_root"":""/homes/lzhang/pocketmon/results/our_agents_2026-08-06/dragapult_munkidori_g0""}]"
our_lopunny_froslass_g0,roman_recent_885,22380720,0,win,0,184,10368.965,,,False,"[{""model_actions"":83,""fallback_actions"":0,""load_errors"":0,""inference_errors"":0,""illegal_model_actions"":0,""low_confidence_actions"":0,""illegal_fallback_actions"":0,""emergency_legal_actions"":0,""checkpoint"":""/homes/lzhang/pocketmon/results/our_agents_2026-08-06/lopunny_froslass_g0/checkpoint.pt"",""checkpoint_exists"":true,""checkpoint_sha256"":""ec9f85acd51ac2c8f2e0b3b7977dc33e818d3dde72e234ece85bc1ef9b2fe101"",""history_enabled"":false,""history_tokens"":0,""structured"":true,""deck_cards"":60,""confidence_threshold"":0.0,""last_confidence"":1.0,""package_root"":""/homes/lzhang/pocketmon/results/our_agents_2026-08-06/lopunny_froslass_g0""},{}]"
our_raging_bolt_g0,official_random,20260719,1,win,1,69,2038.337,,,False,"[{},{""model_actions"":51,""fallback_actions"":0,""load_errors"":0,""inference_errors"":0,""illegal_model_actions"":0,""low_confidence_actions"":0,""illegal_fallback_actions"":0,""emergency_legal_actions"":0,""checkpoint"":""/homes/lzhang/pocketmon/results/our_agents_2026-08-06/raging_bolt_g0/checkpoint.pt"",""checkpoint_exists"":true,""checkpoint_sha256"":""de0b7e36c94ec920466cc2eaa85d9dbd7d93f3fe049d56393450e40174854ce3"",""history_enabled"":false,""history_tokens"":0,""structured"":true,""deck_cards"":60,""confidence_threshold"":0.0,""last_confidence"":0.39431485533714294,""package_root"":""/homes/lzhang/pocketmon/results/our_agents_2026-08-06/raging_bolt_g0""}]"
our_dragapult_munkidori_g0,lucario_sample,21320720,0,loss,1,209,2501.437,,,False,"[{""model_actions"":114,""fallback_actions"":0,""load_errors"":0,""inference_errors"":0,""illegal_model_actions"":0,""low_confidence_actions"":0,""illegal_fallback_actions"":0,""emergency_legal_actions"":0,""checkpoint"":""/homes/lzhang/pocketmon/results/our_agents_2026-08-06/dragapult_munkidori_g0/checkpoint.pt"",""checkpoint_exists"":true,""checkpoint_sha256"":""cf9631897196c825dd535ac91c73abf0fbef0f3dda812fbb7193629acf65527f"",""history_enabled"":false,""history_tokens"":0,""structured"":true,""deck_cards"":60,""confidence_threshold"":0.0,""last_confidence"":1.0,""package_root"":""/homes/lzhang/pocketmon/results/our_agents_2026-08-06/dragapult_munkidori_g0""},{}]"
our_raging_bolt_g0,library_out_1208,20290720,1,loss,0,145,3618.583,,,False,"[{},{""model_actions"":83,""fallback_actions"":0,""load_errors"":0,""inference_errors"":0,""illegal_model_actions"":0,""low_confidence_actions"":0,""illegal_fallback_actions"":0,""emergency_legal_actions"":0,""checkpoint"":""/homes/lzhang/pocketmon/results/our_agents_2026-08-06/raging_bolt_g0/checkpoint.pt"",""checkpoint_exists"":true,""checkpoint_sha256"":""de0b7e36c94ec920466cc2eaa85d9dbd7d93f3fe049d56393450e40174854ce3"",""history_enabled"":false,""history_tokens"":0,""structured"":true,""deck_cards"":60,""confidence_threshold"":0.0,""last_confidence"":0.35295602679252625,""package_root"":""/homes/lzhang/pocketmon/results/our_agents_2026-08-06/raging_bolt_g0""}]"
our_lopunny_froslass_g0,official_random,22260720,0,win,0,57,2429.724,,,False,"[{""model_actions"":38,""fallback_actions"":0,""load_errors"":0,""inference_errors"":0,""illegal_model_actions"":0,""low_confidence_actions"":0,""illegal_fallback_actions"":0,""emergency_legal_actions"":0,""checkpoint"":""/homes/lzhang/pocketmon/results/our_agents_2026-08-06/lopunny_froslass_g0/checkpoint.pt"",""checkpoint_exists"":true,""checkpoint_sha256"":""ec9f85acd51ac2c8f2e0b3b7977dc33e818d3dde72e234ece85bc1ef9b2fe101"",""history_enabled"":false,""history_tokens"":0,""structured"":true,""deck_cards"":60,""confidence_threshold"":0.0,""last_confidence"":0.6799036860466003,""package_root"":""/homes/lzhang/pocketmon/results/our_agents_2026-08-06/lopunny_froslass_g0""},{}]"
our_lopunny_froslass_g0,dragapult,22300720,0,loss,1,192,2475.293,,,False,"[{""model_actions"":78,""fallback_actions"":0,""load_errors"":0,""inference_errors"":0,""illegal_model_actions"":0,""low_confidence_actions"":0,""illegal_fallback_actions"":0,""emergency_legal_actions"":0,""checkpoint"":""/homes/lzhang/pocketmon/results/our_agents_2026-08-06/lopunny_froslass_g0/checkpoint.pt"",""checkpoint_exists"":true,""checkpoint_sha256"":""ec9f85acd51ac2c8f2e0b3b7977dc33e818d3dde72e234ece85bc1ef9b2fe101"",""history_enabled"":false,""history_tokens"":0,""structured"":true,""deck_cards"":60,""confidence_threshold"":0.0,""last_confidence"":1.0,""package_root"":""/homes/lzhang/pocketmon/results/our_agents_2026-08-06/lopunny_froslass_g0""},{}]"
our_dragapult_munkidori_g0,library_out_1208,21290720,0,loss,1,148,2905.991,,,False,"[{""model_actions"":107,""fallback_actions"":0,""load_errors"":0,""inference_errors"":0,""illegal_model_actions"":0,""low_confidence_actions"":0,""illegal_fallback_actions"":0,""emergency_legal_actions"":0,""checkpoint"":""/homes/lzhang/pocketmon/results/our_agents_2026-08-06/dragapult_munkidori_g0/checkpoint.pt"",""checkpoint_exists"":true,""checkpoint_sha256"":""cf9631897196c825dd535ac91c73abf0fbef0f3dda812fbb7193629acf65527f"",""history_enabled"":false,""history_tokens"":0,""structured"":true,""deck_cards"":60,""confidence_threshold"":0.0,""last_confidence"":0.6290434002876282,""package_root"":""/homes/lzhang/pocketmon/results/our_agents_2026-08-06/dragapult_munkidori_g0""},{}]"
our_raging_bolt_g0,archaludon,20280720,0,loss,1,123,5257.362,,,False,"[{""model_actions"":81,""fallback_actions"":0,""load_errors"":0,""inference_errors"":0,""illegal_model_actions"":0,""low_confidence_actions"":0,""illegal_fallback_actions"":0,""emergency_legal_actions"":0,""checkpoint"":""/homes/lzhang/pocketmon/results/our_agents_2026-08-06/raging_bolt_g0/checkpoint.pt"",""checkpoint_exists"":true,""checkpoint_sha256"":""de0b7e36c94ec920466cc2eaa85d9dbd7d93f3fe049d56393450e40174854ce3"",""history_enabled"":false,""history_tokens"":0,""structured"":true,""deck_cards"":60,""confidence_threshold"":0.0,""last_confidence"":0.5371074080467224,""package_root"":""/homes/lzhang/pocketmon/results/our_agents_2026-08-06/raging_bolt_g0""},{}]"
our_lopunny_froslass_g0,library_out_1208,22290719,0,win,0,107,2799.427,,,False,"[{""model_actions"":69,""fallback_actions"":0,""load_errors"":0,""inference_errors"":0,""illegal_model_actions"":0,""low_confidence_actions"":0,""illegal_fallback_actions"":0,""emergency_legal_actions"":0,""checkpoint"":""/homes/lzhang/pocketmon/results/our_agents_2026-08-06/lopunny_froslass_g0/checkpoint.pt"",""checkpoint_exists"":true,""checkpoint_sha256"":""ec9f85acd51ac2c8f2e0b3b7977dc33e818d3dde72e234ece85bc1ef9b2fe101"",""history_enabled"":false,""history_tokens"":0,""structured"":true,""deck_cards"":60,""confidence_threshold"":0.0,""last_confidence"":1.0,""package_root"":""/homes/lzhang/pocketmon/results/our_agents_2026-08-06/lopunny_froslass_g0""},{}]"
our_lopunny_froslass_g0,grim_hybrid_909,22360719,1,win,1,211,3115.614,,,False,"[{},{""model_actions"":86,""fallback_actions"":0,""load_errors"":0,""inference_errors"":0,""illegal_model_actions"":0,""low_confidence_actions"":0,""illegal_fallback_actions"":0,""emergency_legal_actions"":0,""checkpoint"":""/homes/lzhang/pocketmon/results/our_agents_2026-08-06/lopunny_froslass_g0/checkpoint.pt"",""checkpoint_exists"":true,""checkpoint_sha256"":""ec9f85acd51ac2c8f2e0b3b7977dc33e818d3dde72e234ece85bc1ef9b2fe101"",""history_enabled"":false,""history_tokens"":0,""structured"":true,""deck_cards"":60,""confidence_threshold"":0.0,""last_confidence"":0.8425003290176392,""package_root"":""/homes/lzhang/pocketmon/results/our_agents_2026-08-06/lopunny_froslass_g0""}]"
our_lopunny_froslass_g0,grim_hybrid_909,22360719,0,loss,1,222,2950.752,,,False,"[{""model_actions"":94,""fallback_actions"":0,""load_errors"":0,""inference_errors"":0,""illegal_model_actions"":0,""low_confidence_actions"":0,""illegal_fallback_actions"":0,""emergency_legal_actions"":0,""checkpoint"":""/homes/lzhang/pocketmon/results/our_agents_2026-08-06/lopunny_froslass_g0/checkpoint.pt"",""checkpoint_exists"":true,""checkpoint_sha256"":""ec9f85acd51ac2c8f2e0b3b7977dc33e818d3dde72e234ece85bc1ef9b2fe101"",""history_enabled"":false,""history_tokens"":0,""structured"":true,""deck_cards"":60,""confidence_threshold"":0.0,""last_confidence"":0.279867023229599,""package_root"":""/homes/lzhang/pocketmon/results/our_agents_2026-08-06/lopunny_froslass_g0""},{}]"
our_lopunny_froslass_g0,dragapult,22300719,0,loss,1,198,3668.043,,,False,"[{""model_actions"":109,""fallback_actions"":0,""load_errors"":0,""inference_errors"":0,""illegal_model_actions"":0,""low_confidence_actions"":0,""illegal_fallback_actions"":0,""emergency_legal_actions"":0,""checkpoint"":""/homes/lzhang/pocketmon/results/our_agents_2026-08-06/lopunny_froslass_g0/checkpoint.pt"",""checkpoint_exists"":true,""checkpoint_sha256"":""ec9f85acd51ac2c8f2e0b3b7977dc33e818d3dde72e234ece85bc1ef9b2fe101"",""history_enabled"":false,""history_tokens"":0,""structured"":true,""deck_cards"":60,""confidence_threshold"":0.0,""last_confidence"":0.4935528039932251,""package_root"":""/homes/lzhang/pocketmon/results/our_agents_2026-08-06/lopunny_froslass_g0""},{}]"
our_dragapult_munkidori_g0,grim_hybrid_909,21360719,0,win,0,188,2574.689,,,False,"[{""model_actions"":105,""fallback_actions"":0,""load_errors"":0,""inference_errors"":0,""illegal_model_actions"":0,""low_confidence_actions"":0,""illegal_fallback_actions"":0,""emergency_legal_actions"":0,""checkpoint"":""/homes/lzhang/pocketmon/results/our_agents_2026-08-06/dragapult_munkidori_g0/checkpoint.pt"",""checkpoint_exists"":true,""checkpoint_sha256"":""cf9631897196c825dd535ac91c73abf0fbef0f3dda812fbb7193629acf65527f"",""history_enabled"":false,""history_tokens"":0,""structured"":true,""deck_cards"":60,""confidence_threshold"":0.0,""last_confidence"":1.0,""package_root"":""/homes/lzhang/pocketmon/results/our_agents_2026-08-06/dragapult_munkidori_g0""},{}]"
our_dragapult_munkidori_g0,lucario_1084,21330719,0,loss,1,196,2440.38,,,False,"[{""model_actions"":117,""fallback_actions"":0,""load_errors"":0,""inference_errors"":0,""illegal_model_actions"":0,""low_confidence_actions"":0,""illegal_fallback_actions"":0,""emergency_legal_actions"":0,""checkpoint"":""/homes/lzhang/pocketmon/results/our_agents_2026-08-06/dragapult_munkidori_g0/checkpoint.pt"",""checkpoint_exists"":true,""checkpoint_sha256"":""cf9631897196c825dd535ac91c73abf0fbef0f3dda812fbb7193629acf65527f"",""history_enabled"":false,""history_tokens"":0,""structured"":true,""deck_cards"":60,""confidence_threshold"":0.0,""last_confidence"":0.21792197227478027,""package_root"":""/homes/lzhang/pocketmon/results/our_agents_2026-08-06/dragapult_munkidori_g0""},{}]"
our_raging_bolt_g0,roman_recent_885,20380720,0,loss,1,85,11342.417,,,False,"[{""model_actions"":36,""fallback_actions"":0,""load_errors"":0,""inference_errors"":0,""illegal_model_actions"":0,""low_confidence_actions"":0,""illegal_fallback_actions"":0,""emergency_legal_actions"":0,""checkpoint"":""/homes/lzhang/pocketmon/results/our_agents_2026-08-06/raging_bolt_g0/checkpoint.pt"",""checkpoint_exists"":true,""checkpoint_sha256"":""de0b7e36c94ec920466cc2eaa85d9dbd7d93f3fe049d56393450e40174854ce3"",""history_enabled"":false,""history_tokens"":0,""structured"":true,""deck_cards"":60,""confidence_threshold"":0.0,""last_confidence"":0.3938818573951721,""package_root"":""/homes/lzhang/pocketmon/results/our_agents_2026-08-06/raging_bolt_g0""},{}]"
our_raging_bolt_g0,archaludon,20280719,1,loss,0,38,3354.471,,,False,"[{},{""model_actions"":11,""fallback_actions"":0,""load_errors"":0,""inference_errors"":0,""illegal_model_actions"":0,""low_confidence_actions"":0,""illegal_fallback_actions"":0,""emergency_legal_actions"":0,""checkpoint"":""/homes/lzhang/pocketmon/results/our_agents_2026-08-06/raging_bolt_g0/checkpoint.pt"",""checkpoint_exists"":true,""checkpoint_sha256"":""de0b7e36c94ec920466cc2eaa85d9dbd7d93f3fe049d56393450e40174854ce3"",""history_enabled"":false,""history_tokens"":0,""structured"":true,""deck_cards"":60,""confidence_threshold"":0.0,""last_confidence"":0.41246283054351807,""package_root"":""/homes/lzhang/pocketmon/results/our_agents_2026-08-06/raging_bolt_g0""}]"
our_dragapult_munkidori_g0,official_random,21260719,1,win,1,146,3150.142,,,False,"[{},{""model_actions"":104,""fallback_actions"":0,""load_errors"":0,""inference_errors"":0,""illegal_model_actions"":0,""low_confidence_actions"":0,""illegal_fallback_actions"":0,""emergency_legal_actions"":0,""checkpoint"":""/homes/lzhang/pocketmon/results/our_agents_2026-08-06/dragapult_munkidori_g0/checkpoint.pt"",""checkpoint_exists"":true,""checkpoint_sha256"":""cf9631897196c825dd535ac91c73abf0fbef0f3dda812fbb7193629acf65527f"",""history_enabled"":false,""history_tokens"":0,""structured"":true,""deck_cards"":60,""confidence_threshold"":0.0,""last_confidence"":0.6369374990463257,""package_root"":""/homes/lzhang/pocketmon/results/our_agents_2026-08-06/dragapult_munkidori_g0""}]"
our_lopunny_froslass_g0,lucario_1084,22330719,1,loss,0,119,3206.869,,,False,"[{},{""model_actions"":52,""fallback_actions"":0,""load_errors"":0,""inference_errors"":0,""illegal_model_actions"":0,""low_confidence_actions"":0,""illegal_fallback_actions"":0,""emergency_legal_actions"":0,""checkpoint"":""/homes/lzhang/pocketmon/results/our_agents_2026-08-06/lopunny_froslass_g0/checkpoint.pt"",""checkpoint_exists"":true,""checkpoint_sha256"":""ec9f85acd51ac2c8f2e0b3b7977dc33e818d3dde72e234ece85bc1ef9b2fe101"",""history_enabled"":false,""history_tokens"":0,""structured"":true,""deck_cards"":60,""confidence_threshold"":0.0,""last_confidence"":0.24759097397327423,""package_root"":""/homes/lzhang/pocketmon/results/our_agents_2026-08-06/lopunny_froslass_g0""}]"
our_lopunny_froslass_g0,alakazam_5th,22270720,0,loss,1,83,2880.044,,,False,"[{""model_actions"":27,""fallback_actions"":0,""load_errors"":0,""inference_errors"":0,""illegal_model_actions"":0,""low_confidence_actions"":0,""illegal_fallback_actions"":0,""emergency_legal_actions"":0,""checkpoint"":""/homes/lzhang/pocketmon/results/our_agents_2026-08-06/lopunny_froslass_g0/checkpoint.pt"",""checkpoint_exists"":true,""checkpoint_sha256"":""ec9f85acd51ac2c8f2e0b3b7977dc33e818d3dde72e234ece85bc1ef9b2fe101"",""history_enabled"":false,""history_tokens"":0,""structured"":true,""deck_cards"":60,""confidence_threshold"":0.0,""last_confidence"":1.0,""package_root"":""/homes/lzhang/pocketmon/results/our_agents_2026-08-06/lopunny_froslass_g0""},{}]"
our_lopunny_froslass_g0,archaludon,22280720,0,loss,1,140,4497.961,,,False,"[{""model_actions"":97,""fallback_actions"":0,""load_errors"":0,""inference_errors"":0,""illegal_model_actions"":0,""low_confidence_actions"":0,""illegal_fallback_actions"":0,""emergency_legal_actions"":0,""checkpoint"":""/homes/lzhang/pocketmon/results/our_agents_2026-08-06/lopunny_froslass_g0/checkpoint.pt"",""checkpoint_exists"":true,""checkpoint_sha256"":""ec9f85acd51ac2c8f2e0b3b7977dc33e818d3dde72e234ece85bc1ef9b2fe101"",""history_enabled"":false,""history_tokens"":0,""structured"":true,""deck_cards"":60,""confidence_threshold"":0.0,""last_confidence"":0.4789228141307831,""package_root"":""/homes/lzhang/pocketmon/results/our_agents_2026-08-06/lopunny_froslass_g0""},{}]"
our_dragapult_munkidori_g0,probabilistic,21340720,0,win,0,214,4928.563,,,False,"[{""model_actions"":143,""fallback_actions"":0,""load_errors"":0,""inference_errors"":0,""illegal_model_actions"":0,""low_confidence_actions"":0,""illegal_fallback_actions"":0,""emergency_legal_actions"":0,""checkpoint"":""/homes/lzhang/pocketmon/results/our_agents_2026-08-06/dragapult_munkidori_g0/checkpoint.pt"",""checkpoint_exists"":true,""checkpoint_sha256"":""cf9631897196c825dd535ac91c73abf0fbef0f3dda812fbb7193629acf65527f"",""history_enabled"":false,""history_tokens"":0,""structured"":true,""deck_cards"":60,""confidence_threshold"":0.0,""last_confidence"":1.0,""package_root"":""/homes/lzhang/pocketmon/results/our_agents_2026-08-06/dragapult_munkidori_g0""},{}]"
our_raging_bolt_g0,official_random,20260719,0,loss,1,128,5504.011,,,False,"[{""model_actions"":94,""fallback_actions"":0,""load_errors"":0,""inference_errors"":0,""illegal_model_actions"":0,""low_confidence_actions"":0,""illegal_fallback_actions"":0,""emergency_legal_actions"":0,""checkpoint"":""/homes/lzhang/pocketmon/results/our_agents_2026-08-06/raging_bolt_g0/checkpoint.pt"",""checkpoint_exists"":true,""checkpoint_sha256"":""de0b7e36c94ec920466cc2eaa85d9dbd7d93f3fe049d56393450e40174854ce3"",""history_enabled"":false,""history_tokens"":0,""structured"":true,""deck_cards"":60,""confidence_threshold"":0.0,""last_confidence"":0.33340153098106384,""package_root"":""/homes/lzhang/pocketmon/results/our_agents_2026-08-06/raging_bolt_g0""},{}]"
our_dragapult_munkidori_g0,library_out_1208,21290720,1,loss,0,191,4615.433,,,False,"[{},{""model_actions"":126,""fallback_actions"":0,""load_errors"":0,""inference_errors"":0,""illegal_model_actions"":0,""low_confidence_actions"":0,""illegal_fallback_actions"":0,""emergency_legal_actions"":0,""checkpoint"":""/homes/lzhang/pocketmon/results/our_agents_2026-08-06/dragapult_munkidori_g0/checkpoint.pt"",""checkpoint_exists"":true,""checkpoint_sha256"":""cf9631897196c825dd535ac91c73abf0fbef0f3dda812fbb7193629acf65527f"",""history_enabled"":false,""history_tokens"":0,""structured"":true,""deck_cards"":60,""confidence_threshold"":0.0,""last_confidence"":0.17726556956768036,""package_root"":""/homes/lzhang/pocketmon/results/our_agents_2026-08-06/dragapult_munkidori_g0""}]"
our_dragapult_munkidori_g0,official_random,21260720,1,loss,0,133,2815.2,,,False,"[{},{""model_actions"":91,""fallback_actions"":0,""load_errors"":0,""inference_errors"":0,""illegal_model_actions"":0,""low_confidence_actions"":0,""illegal_fallback_actions"":0,""emergency_legal_actions"":0,""checkpoint"":""/homes/lzhang/pocketmon/results/our_agents_2026-08-06/dragapult_munkidori_g0/checkpoint.pt"",""checkpoint_exists"":true,""checkpoint_sha256"":""cf9631897196c825dd535ac91c73abf0fbef0f3dda812fbb7193629acf65527f"",""history_enabled"":false,""history_tokens"":0,""structured"":true,""deck_cards"":60,""confidence_threshold"":0.0,""last_confidence"":0.43078112602233887,""package_root"":""/homes/lzhang/pocketmon/results/our_agents_2026-08-06/dragapult_munkidori_g0""}]"
our_raging_bolt_g0,iono,20310719,0,loss,1,250,5877.985,,,False,"[{""model_actions"":81,""fallback_actions"":0,""load_errors"":0,""inference_errors"":0,""illegal_model_actions"":0,""low_confidence_actions"":0,""illegal_fallback_actions"":0,""emergency_legal_actions"":0,""checkpoint"":""/homes/lzhang/pocketmon/results/our_agents_2026-08-06/raging_bolt_g0/checkpoint.pt"",""checkpoint_exists"":true,""checkpoint_sha256"":""de0b7e36c94ec920466cc2eaa85d9dbd7d93f3fe049d56393450e40174854ce3"",""history_enabled"":false,""history_tokens"":0,""structured"":true,""deck_cards"":60,""confidence_threshold"":0.0,""last_confidence"":0.7074224352836609,""package_root"":""/homes/lzhang/pocketmon/results/our_agents_2026-08-06/raging_bolt_g0""},{}]"
our_lopunny_froslass_g0,simple_matchup,22370719,0,win,0,143,5232.635,,,False,"[{""model_actions"":80,""fallback_actions"":0,""load_errors"":0,""inference_errors"":0,""illegal_model_actions"":0,""low_confidence_actions"":0,""illegal_fallback_actions"":0,""emergency_legal_actions"":0,""checkpoint"":""/homes/lzhang/pocketmon/results/our_agents_2026-08-06/lopunny_froslass_g0/checkpoint.pt"",""checkpoint_exists"":true,""checkpoint_sha256"":""ec9f85acd51ac2c8f2e0b3b7977dc33e818d3dde72e234ece85bc1ef9b2fe101"",""history_enabled"":false,""history_tokens"":0,""structured"":true,""deck_cards"":60,""confidence_threshold"":0.0,""last_confidence"":0.866865873336792,""package_root"":""/homes/lzhang/pocketmon/results/our_agents_2026-08-06/lopunny_froslass_g0""},{}]"
our_raging_bolt_g0,lucario_sample,20320719,0,loss,1,126,3845.762,,,False,"[{""model_actions"":65,""fallback_actions"":0,""load_errors"":0,""inference_errors"":0,""illegal_model_actions"":0,""low_confidence_actions"":0,""illegal_fallback_actions"":0,""emergency_legal_actions"":0,""checkpoint"":""/homes/lzhang/pocketmon/results/our_agents_2026-08-06/raging_bolt_g0/checkpoint.pt"",""checkpoint_exists"":true,""checkpoint_sha256"":""de0b7e36c94ec920466cc2eaa85d9dbd7d93f3fe049d56393450e40174854ce3"",""history_enabled"":false,""history_tokens"":0,""structured"":true,""deck_cards"":60,""confidence_threshold"":0.0,""last_confidence"":1.0,""package_root"":""/homes/lzhang/pocketmon/results/our_agents_2026-08-06/raging_bolt_g0""},{}]"
our_raging_bolt_g0,lucario_sample,20320719,1,loss,0,124,2973.74,,,False,"[{},{""model_actions"":55,""fallback_actions"":0,""load_errors"":0,""inference_errors"":0,""illegal_model_actions"":0,""low_confidence_actions"":0,""illegal_fallback_actions"":0,""emergency_legal_actions"":0,""checkpoint"":""/homes/lzhang/pocketmon/results/our_agents_2026-08-06/raging_bolt_g0/checkpoint.pt"",""checkpoint_exists"":true,""checkpoint_sha256"":""de0b7e36c94ec920466cc2eaa85d9dbd7d93f3fe049d56393450e40174854ce3"",""history_enabled"":false,""history_tokens"":0,""structured"":true,""deck_cards"":60,""confidence_threshold"":0.0,""last_confidence"":0.3988657593727112,""package_root"":""/homes/lzhang/pocketmon/results/our_agents_2026-08-06/raging_bolt_g0""}]"
our_lopunny_froslass_g0,roman_recent_885,22380720,1,loss,0,219,8640.384,,,False,"[{},{""model_actions"":128,""fallback_actions"":0,""load_errors"":0,""inference_errors"":0,""illegal_model_actions"":0,""low_confidence_actions"":0,""illegal_fallback_actions"":0,""emergency_legal_actions"":0,""checkpoint"":""/homes/lzhang/pocketmon/results/our_agents_2026-08-06/lopunny_froslass_g0/checkpoint.pt"",""checkpoint_exists"":true,""checkpoint_sha256"":""ec9f85acd51ac2c8f2e0b3b7977dc33e818d3dde72e234ece85bc1ef9b2fe101"",""history_enabled"":false,""history_tokens"":0,""structured"":true,""deck_cards"":60,""confidence_threshold"":0.0,""last_confidence"":1.0,""package_root"":""/homes/lzhang/pocketmon/results/our_agents_2026-08-06/lopunny_froslass_g0""}]"
our_lopunny_froslass_g0,official_random,22260719,1,loss,0,150,2981.617,,,False,"[{},{""model_actions"":109,""fallback_actions"":0,""load_errors"":0,""inference_errors"":0,""illegal_model_actions"":0,""low_confidence_actions"":0,""illegal_fallback_actions"":0,""emergency_legal_actions"":0,""checkpoint"":""/homes/lzhang/pocketmon/results/our_agents_2026-08-06/lopunny_froslass_g0/checkpoint.pt"",""checkpoint_exists"":true,""checkpoint_sha256"":""ec9f85acd51ac2c8f2e0b3b7977dc33e818d3dde72e234ece85bc1ef9b2fe101"",""history_enabled"":false,""history_tokens"":0,""structured"":true,""deck_cards"":60,""confidence_threshold"":0.0,""last_confidence"":0.8636038303375244,""package_root"":""/homes/lzhang/pocketmon/results/our_agents_2026-08-06/lopunny_froslass_g0""}]"
our_raging_bolt_g0,lucario_sample,20320720,1,loss,0,87,2817.843,,,False,"[{},{""model_actions"":41,""fallback_actions"":0,""load_errors"":0,""inference_errors"":0,""illegal_model_actions"":0,""low_confidence_actions"":0,""illegal_fallback_actions"":0,""emergency_legal_actions"":0,""checkpoint"":""/homes/lzhang/pocketmon/results/our_agents_2026-08-06/raging_bolt_g0/checkpoint.pt"",""checkpoint_exists"":true,""checkpoint_sha256"":""de0b7e36c94ec920466cc2eaa85d9dbd7d93f3fe049d56393450e40174854ce3"",""history_enabled"":false,""history_tokens"":0,""structured"":true,""deck_cards"":60,""confidence_threshold"":0.0,""last_confidence"":1.0,""package_root"":""/homes/lzhang/pocketmon/results/our_agents_2026-08-06/raging_bolt_g0""}]"
our_lopunny_froslass_g0,probabilistic,22340720,0,loss,1,97,2988.088,,,False,"[{""model_actions"":50,""fallback_actions"":0,""load_errors"":0,""inference_errors"":0,""illegal_model_actions"":0,""low_confidence_actions"":0,""illegal_fallback_actions"":0,""emergency_legal_actions"":0,""checkpoint"":""/homes/lzhang/pocketmon/results/our_agents_2026-08-06/lopunny_froslass_g0/checkpoint.pt"",""checkpoint_exists"":true,""checkpoint_sha256"":""ec9f85acd51ac2c8f2e0b3b7977dc33e818d3dde72e234ece85bc1ef9b2fe101"",""history_enabled"":false,""history_tokens"":0,""structured"":true,""deck_cards"":60,""confidence_threshold"":0.0,""last_confidence"":1.0,""package_root"":""/homes/lzhang/pocketmon/results/our_agents_2026-08-06/lopunny_froslass_g0""},{}]"
our_dragapult_munkidori_g0,alakazam_5th,21270720,1,win,1,191,2752.085,,,False,"[{},{""model_actions"":112,""fallback_actions"":0,""load_errors"":0,""inference_errors"":0,""illegal_model_actions"":0,""low_confidence_actions"":0,""illegal_fallback_actions"":0,""emergency_legal_actions"":0,""checkpoint"":""/homes/lzhang/pocketmon/results/our_agents_2026-08-06/dragapult_munkidori_g0/checkpoint.pt"",""checkpoint_exists"":true,""checkpoint_sha256"":""cf9631897196c825dd535ac91c73abf0fbef0f3dda812fbb7193629acf65527f"",""history_enabled"":false,""history_tokens"":0,""structured"":true,""deck_cards"":60,""confidence_threshold"":0.0,""last_confidence"":1.0,""package_root"":""/homes/lzhang/pocketmon/results/our_agents_2026-08-06/dragapult_munkidori_g0""}]"
our_raging_bolt_g0,lucario_1084,20330719,1,loss,0,129,3367.671,,,False,"[{},{""model_actions"":59,""fallback_actions"":0,""load_errors"":0,""inference_errors"":0,""illegal_model_actions"":0,""low_confidence_actions"":0,""illegal_fallback_actions"":0,""emergency_legal_actions"":0,""checkpoint"":""/homes/lzhang/pocketmon/results/our_agents_2026-08-06/raging_bolt_g0/checkpoint.pt"",""checkpoint_exists"":true,""checkpoint_sha256"":""de0b7e36c94ec920466cc2eaa85d9dbd7d93f3fe049d56393450e40174854ce3"",""history_enabled"":false,""history_tokens"":0,""structured"":true,""deck_cards"":60,""confidence_threshold"":0.0,""last_confidence"":0.3798646926879883,""package_root"":""/homes/lzhang/pocketmon/results/our_agents_2026-08-06/raging_bolt_g0""}]"
our_raging_bolt_g0,simple_matchup,20370720,1,loss,0,98,3311.771,,,False,"[{},{""model_actions"":35,""fallback_actions"":0,""load_errors"":0,""inference_errors"":0,""illegal_model_actions"":0,""low_confidence_actions"":0,""illegal_fallback_actions"":0,""emergency_legal_actions"":0,""checkpoint"":""/homes/lzhang/pocketmon/results/our_agents_2026-08-06/raging_bolt_g0/checkpoint.pt"",""checkpoint_exists"":true,""checkpoint_sha256"":""de0b7e36c94ec920466cc2eaa85d9dbd7d93f3fe049d56393450e40174854ce3"",""history_enabled"":false,""history_tokens"":0,""structured"":true,""deck_cards"":60,""confidence_threshold"":0.0,""last_confidence"":0.5850245356559753,""package_root"":""/homes/lzhang/pocketmon/results/our_agents_2026-08-06/raging_bolt_g0""}]"
our_lopunny_froslass_g0,lucario_1084,22330719,0,loss,1,161,3813.665,,,False,"[{""model_actions"":92,""fallback_actions"":0,""load_errors"":0,""inference_errors"":0,""illegal_model_actions"":0,""low_confidence_actions"":0,""illegal_fallback_actions"":0,""emergency_legal_actions"":0,""checkpoint"":""/homes/lzhang/pocketmon/results/our_agents_2026-08-06/lopunny_froslass_g0/checkpoint.pt"",""checkpoint_exists"":true,""checkpoint_sha256"":""ec9f85acd51ac2c8f2e0b3b7977dc33e818d3dde72e234ece85bc1ef9b2fe101"",""history_enabled"":false,""history_tokens"":0,""structured"":true,""deck_cards"":60,""confidence_threshold"":0.0,""last_confidence"":0.8155680298805237,""package_root"":""/homes/lzhang/pocketmon/results/our_agents_2026-08-06/lopunny_froslass_g0""},{}]"
our_raging_bolt_g0,iono,20310720,1,loss,0,204,3112.429,,,False,"[{},{""model_actions"":62,""fallback_actions"":0,""load_errors"":0,""inference_errors"":0,""illegal_model_actions"":0,""low_confidence_actions"":0,""illegal_fallback_actions"":0,""emergency_legal_actions"":0,""checkpoint"":""/homes/lzhang/pocketmon/results/our_agents_2026-08-06/raging_bolt_g0/checkpoint.pt"",""checkpoint_exists"":true,""checkpoint_sha256"":""de0b7e36c94ec920466cc2eaa85d9dbd7d93f3fe049d56393450e40174854ce3"",""history_enabled"":false,""history_tokens"":0,""structured"":true,""deck_cards"":60,""confidence_threshold"":0.0,""last_confidence"":1.0,""package_root"":""/homes/lzhang/pocketmon/results/our_agents_2026-08-06/raging_bolt_g0""}]"
our_lopunny_froslass_g0,grim_hybrid_909,22360720,1,loss,0,123,4329.164,,,False,"[{},{""model_actions"":47,""fallback_actions"":0,""load_errors"":0,""inference_errors"":0,""illegal_model_actions"":0,""low_confidence_actions"":0,""illegal_fallback_actions"":0,""emergency_legal_actions"":0,""checkpoint"":""/homes/lzhang/pocketmon/results/our_agents_2026-08-06/lopunny_froslass_g0/checkpoint.pt"",""checkpoint_exists"":true,""checkpoint_sha256"":""ec9f85acd51ac2c8f2e0b3b7977dc33e818d3dde72e234ece85bc1ef9b2fe101"",""history_enabled"":false,""history_tokens"":0,""structured"":true,""deck_cards"":60,""confidence_threshold"":0.0,""last_confidence"":1.0,""package_root"":""/homes/lzhang/pocketmon/results/our_agents_2026-08-06/lopunny_froslass_g0""}]"
our_lopunny_froslass_g0,lucario_sample,22320720,0,loss,1,153,3115.627,,,False,"[{""model_actions"":66,""fallback_actions"":0,""load_errors"":0,""inference_errors"":0,""illegal_model_actions"":0,""low_confidence_actions"":0,""illegal_fallback_actions"":0,""emergency_legal_actions"":0,""checkpoint"":""/homes/lzhang/pocketmon/results/our_agents_2026-08-06/lopunny_froslass_g0/checkpoint.pt"",""checkpoint_exists"":true,""checkpoint_sha256"":""ec9f85acd51ac2c8f2e0b3b7977dc33e818d3dde72e234ece85bc1ef9b2fe101"",""history_enabled"":false,""history_tokens"":0,""structured"":true,""deck_cards"":60,""confidence_threshold"":0.0,""last_confidence"":0.3419390916824341,""package_root"":""/homes/lzhang/pocketmon/results/our_agents_2026-08-06/lopunny_froslass_g0""},{}]"
our_dragapult_munkidori_g0,lucario_sample,21320720,1,loss,0,139,4731.25,,,False,"[{},{""model_actions"":59,""fallback_actions"":0,""load_errors"":0,""inference_errors"":0,""illegal_model_actions"":0,""low_confidence_actions"":0,""illegal_fallback_actions"":0,""emergency_legal_actions"":0,""checkpoint"":""/homes/lzhang/pocketmon/results/our_agents_2026-08-06/dragapult_munkidori_g0/checkpoint.pt"",""checkpoint_exists"":true,""checkpoint_sha256"":""cf9631897196c825dd535ac91c73abf0fbef0f3dda812fbb7193629acf65527f"",""history_enabled"":false,""history_tokens"":0,""structured"":true,""deck_cards"":60,""confidence_threshold"":0.0,""last_confidence"":0.5934464335441589,""package_root"":""/homes/lzhang/pocketmon/results/our_agents_2026-08-06/dragapult_munkidori_g0""}]"
our_dragapult_munkidori_g0,grim_hybrid_909,21360720,1,loss,0,106,4976.164,,,False,"[{},{""model_actions"":47,""fallback_actions"":0,""load_errors"":0,""inference_errors"":0,""illegal_model_actions"":0,""low_confidence_actions"":0,""illegal_fallback_actions"":0,""emergency_legal_actions"":0,""checkpoint"":""/homes/lzhang/pocketmon/results/our_agents_2026-08-06/dragapult_munkidori_g0/checkpoint.pt"",""checkpoint_exists"":true,""checkpoint_sha256"":""cf9631897196c825dd535ac91c73abf0fbef0f3dda812fbb7193629acf65527f"",""history_enabled"":false,""history_tokens"":0,""structured"":true,""deck_cards"":60,""confidence_threshold"":0.0,""last_confidence"":0.7144137024879456,""package_root"":""/homes/lzhang/pocketmon/results/our_agents_2026-08-06/dragapult_munkidori_g0""}]"
our_raging_bolt_g0,dragapult,20300719,0,loss,1,151,5961.262,,,False,"[{""model_actions"":51,""fallback_actions"":0,""load_errors"":0,""inference_errors"":0,""illegal_model_actions"":0,""low_confidence_actions"":0,""illegal_fallback_actions"":0,""emergency_legal_actions"":0,""checkpoint"":""/homes/lzhang/pocketmon/results/our_agents_2026-08-06/raging_bolt_g0/checkpoint.pt"",""checkpoint_exists"":true,""checkpoint_sha256"":""de0b7e36c94ec920466cc2eaa85d9dbd7d93f3fe049d56393450e40174854ce3"",""history_enabled"":false,""history_tokens"":0,""structured"":true,""deck_cards"":60,""confidence_threshold"":0.0,""last_confidence"":1.0,""package_root"":""/homes/lzhang/pocketmon/results/our_agents_2026-08-06/raging_bolt_g0""},{}]"
our_dragapult_munkidori_g0,official_random,21260720,0,loss,1,141,3902.632,,,False,"[{""model_actions"":112,""fallback_actions"":0,""load_errors"":0,""inference_errors"":0,""illegal_model_actions"":0,""low_confidence_actions"":0,""illegal_fallback_actions"":0,""emergency_legal_actions"":0,""checkpoint"":""/homes/lzhang/pocketmon/results/our_agents_2026-08-06/dragapult_munkidori_g0/checkpoint.pt"",""checkpoint_exists"":true,""checkpoint_sha256"":""cf9631897196c825dd535ac91c73abf0fbef0f3dda812fbb7193629acf65527f"",""history_enabled"":false,""history_tokens"":0,""structured"":true,""deck_cards"":60,""confidence_threshold"":0.0,""last_confidence"":1.0,""package_root"":""/homes/lzhang/pocketmon/results/our_agents_2026-08-06/dragapult_munkidori_g0""},{}]"
our_lopunny_froslass_g0,grim_hybrid_909,22360720,0,loss,1,133,3625.489,,,False,"[{""model_actions"":44,""fallback_actions"":0,""load_errors"":0,""inference_errors"":0,""illegal_model_actions"":0,""low_confidence_actions"":0,""illegal_fallback_actions"":0,""emergency_legal_actions"":0,""checkpoint"":""/homes/lzhang/pocketmon/results/our_agents_2026-08-06/lopunny_froslass_g0/checkpoint.pt"",""checkpoint_exists"":true,""checkpoint_sha256"":""ec9f85acd51ac2c8f2e0b3b7977dc33e818d3dde72e234ece85bc1ef9b2fe101"",""history_enabled"":false,""history_tokens"":0,""structured"":true,""deck_cards"":60,""confidence_threshold"":0.0,""last_confidence"":0.8226272463798523,""package_root"":""/homes/lzhang/pocketmon/results/our_agents_2026-08-06/lopunny_froslass_g0""},{}]"
our_dragapult_munkidori_g0,alakazam_5th,21270720,0,loss,1,126,3435.293,,,False,"[{""model_actions"":72,""fallback_actions"":0,""load_errors"":0,""inference_errors"":0,""illegal_model_actions"":0,""low_confidence_actions"":0,""illegal_fallback_actions"":0,""emergency_legal_actions"":0,""checkpoint"":""/homes/lzhang/pocketmon/results/our_agents_2026-08-06/dragapult_munkidori_g0/checkpoint.pt"",""checkpoint_exists"":true,""checkpoint_sha256"":""cf9631897196c825dd535ac91c73abf0fbef0f3dda812fbb7193629acf65527f"",""history_enabled"":false,""history_tokens"":0,""structured"":true,""deck_cards"":60,""confidence_threshold"":0.0,""last_confidence"":1.0,""package_root"":""/homes/lzhang/pocketmon/results/our_agents_2026-08-06/dragapult_munkidori_g0""},{}]"
our_raging_bolt_g0,library_out_1208,20290720,0,loss,1,163,3606.48,,,False,"[{""model_actions"":91,""fallback_actions"":0,""load_errors"":0,""inference_errors"":0,""illegal_model_actions"":0,""low_confidence_actions"":0,""illegal_fallback_actions"":0,""emergency_legal_actions"":0,""checkpoint"":""/homes/lzhang/pocketmon/results/our_agents_2026-08-06/raging_bolt_g0/checkpoint.pt"",""checkpoint_exists"":true,""checkpoint_sha256"":""de0b7e36c94ec920466cc2eaa85d9dbd7d93f3fe049d56393450e40174854ce3"",""history_enabled"":false,""history_tokens"":0,""structured"":true,""deck_cards"":60,""confidence_threshold"":0.0,""last_confidence"":0.2914543151855469,""package_root"":""/homes/lzhang/pocketmon/results/our_agents_2026-08-06/raging_bolt_g0""},{}]"
our_lopunny_froslass_g0,probabilistic,22340719,1,loss,0,143,3103.316,,,False,"[{},{""model_actions"":68,""fallback_actions"":0,""load_errors"":0,""inference_errors"":0,""illegal_model_actions"":0,""low_confidence_actions"":0,""illegal_fallback_actions"":0,""emergency_legal_actions"":0,""checkpoint"":""/homes/lzhang/pocketmon/results/our_agents_2026-08-06/lopunny_froslass_g0/checkpoint.pt"",""checkpoint_exists"":true,""checkpoint_sha256"":""ec9f85acd51ac2c8f2e0b3b7977dc33e818d3dde72e234ece85bc1ef9b2fe101"",""history_enabled"":false,""history_tokens"":0,""structured"":true,""deck_cards"":60,""confidence_threshold"":0.0,""last_confidence"":0.5477061867713928,""package_root"":""/homes/lzhang/pocketmon/results/our_agents_2026-08-06/lopunny_froslass_g0""}]"
our_lopunny_froslass_g0,alakazam_5th,22270719,0,loss,1,144,3944.384,,,False,"[{""model_actions"":70,""fallback_actions"":0,""load_errors"":0,""inference_errors"":0,""illegal_model_actions"":0,""low_confidence_actions"":0,""illegal_fallback_actions"":0,""emergency_legal_actions"":0,""checkpoint"":""/homes/lzhang/pocketmon/results/our_agents_2026-08-06/lopunny_froslass_g0/checkpoint.pt"",""checkpoint_exists"":true,""checkpoint_sha256"":""ec9f85acd51ac2c8f2e0b3b7977dc33e818d3dde72e234ece85bc1ef9b2fe101"",""history_enabled"":false,""history_tokens"":0,""structured"":true,""deck_cards"":60,""confidence_threshold"":0.0,""last_confidence"":1.0,""package_root"":""/homes/lzhang/pocketmon/results/our_agents_2026-08-06/lopunny_froslass_g0""},{}]"
our_lopunny_froslass_g0,archaludon,22280719,0,loss,1,165,3500.941,,,False,"[{""model_actions"":96,""fallback_actions"":0,""load_errors"":0,""inference_errors"":0,""illegal_model_actions"":0,""low_confidence_actions"":0,""illegal_fallback_actions"":0,""emergency_legal_actions"":0,""checkpoint"":""/homes/lzhang/pocketmon/results/our_agents_2026-08-06/lopunny_froslass_g0/checkpoint.pt"",""checkpoint_exists"":true,""checkpoint_sha256"":""ec9f85acd51ac2c8f2e0b3b7977dc33e818d3dde72e234ece85bc1ef9b2fe101"",""history_enabled"":false,""history_tokens"":0,""structured"":true,""deck_cards"":60,""confidence_threshold"":0.0,""last_confidence"":0.3032177984714508,""package_root"":""/homes/lzhang/pocketmon/results/our_agents_2026-08-06/lopunny_froslass_g0""},{}]"
our_dragapult_munkidori_g0,dragapult,21300720,1,loss,0,64,2871.994,,,False,"[{},{""model_actions"":21,""fallback_actions"":0,""load_errors"":0,""inference_errors"":0,""illegal_model_actions"":0,""low_confidence_actions"":0,""illegal_fallback_actions"":0,""emergency_legal_actions"":0,""checkpoint"":""/homes/lzhang/pocketmon/results/our_agents_2026-08-06/dragapult_munkidori_g0/checkpoint.pt"",""checkpoint_exists"":true,""checkpoint_sha256"":""cf9631897196c825dd535ac91c73abf0fbef0f3dda812fbb7193629acf65527f"",""history_enabled"":false,""history_tokens"":0,""structured"":true,""deck_cards"":60,""confidence_threshold"":0.0,""last_confidence"":0.5109321475028992,""package_root"":""/homes/lzhang/pocketmon/results/our_agents_2026-08-06/dragapult_munkidori_g0""}]"
our_lopunny_froslass_g0,iono,22310719,0,win,0,106,5893.175,,,False,"[{""model_actions"":73,""fallback_actions"":0,""load_errors"":0,""inference_errors"":0,""illegal_model_actions"":0,""low_confidence_actions"":0,""illegal_fallback_actions"":0,""emergency_legal_actions"":0,""checkpoint"":""/homes/lzhang/pocketmon/results/our_agents_2026-08-06/lopunny_froslass_g0/checkpoint.pt"",""checkpoint_exists"":true,""checkpoint_sha256"":""ec9f85acd51ac2c8f2e0b3b7977dc33e818d3dde72e234ece85bc1ef9b2fe101"",""history_enabled"":false,""history_tokens"":0,""structured"":true,""deck_cards"":60,""confidence_threshold"":0.0,""last_confidence"":0.7763598561286926,""package_root"":""/homes/lzhang/pocketmon/results/our_agents_2026-08-06/lopunny_froslass_g0""},{}]"
our_raging_bolt_g0,alakazam_5th,20270720,1,loss,0,152,3557.575,,,False,"[{},{""model_actions"":85,""fallback_actions"":0,""load_errors"":0,""inference_errors"":0,""illegal_model_actions"":0,""low_confidence_actions"":0,""illegal_fallback_actions"":0,""emergency_legal_actions"":0,""checkpoint"":""/homes/lzhang/pocketmon/results/our_agents_2026-08-06/raging_bolt_g0/checkpoint.pt"",""checkpoint_exists"":true,""checkpoint_sha256"":""de0b7e36c94ec920466cc2eaa85d9dbd7d93f3fe049d56393450e40174854ce3"",""history_enabled"":false,""history_tokens"":0,""structured"":true,""deck_cards"":60,""confidence_threshold"":0.0,""last_confidence"":0.2558746039867401,""package_root"":""/homes/lzhang/pocketmon/results/our_agents_2026-08-06/raging_bolt_g0""}]"
our_raging_bolt_g0,beam_search_940,20350719,0,loss,1,110,3176.589,,,False,"[{""model_actions"":57,""fallback_actions"":0,""load_errors"":0,""inference_errors"":0,""illegal_model_actions"":0,""low_confidence_actions"":0,""illegal_fallback_actions"":0,""emergency_legal_actions"":0,""checkpoint"":""/homes/lzhang/pocketmon/results/our_agents_2026-08-06/raging_bolt_g0/checkpoint.pt"",""checkpoint_exists"":true,""checkpoint_sha256"":""de0b7e36c94ec920466cc2eaa85d9dbd7d93f3fe049d56393450e40174854ce3"",""history_enabled"":false,""history_tokens"":0,""structured"":true,""deck_cards"":60,""confidence_threshold"":0.0,""last_confidence"":0.8387782573699951,""package_root"":""/homes/lzhang/pocketmon/results/our_agents_2026-08-06/raging_bolt_g0""},{}]"
our_dragapult_munkidori_g0,library_out_1208,21290719,0,loss,1,138,3244.898,,,False,"[{""model_actions"":103,""fallback_actions"":0,""load_errors"":0,""inference_errors"":0,""illegal_model_actions"":0,""low_confidence_actions"":0,""illegal_fallback_actions"":0,""emergency_legal_actions"":0,""checkpoint"":""/homes/lzhang/pocketmon/results/our_agents_2026-08-06/dragapult_munkidori_g0/checkpoint.pt"",""checkpoint_exists"":true,""checkpoint_sha256"":""cf9631897196c825dd535ac91c73abf0fbef0f3dda812fbb7193629acf65527f"",""history_enabled"":false,""history_tokens"":0,""structured"":true,""deck_cards"":60,""confidence_threshold"":0.0,""last_confidence"":0.2601873576641083,""package_root"":""/homes/lzhang/pocketmon/results/our_agents_2026-08-06/dragapult_munkidori_g0""},{}]"
our_lopunny_froslass_g0,library_out_1208,22290720,1,loss,0,167,2950.147,,,False,"[{},{""model_actions"":111,""fallback_actions"":0,""load_errors"":0,""inference_errors"":0,""illegal_model_actions"":0,""low_confidence_actions"":0,""illegal_fallback_actions"":0,""emergency_legal_actions"":0,""checkpoint"":""/homes/lzhang/pocketmon/results/our_agents_2026-08-06/lopunny_froslass_g0/checkpoint.pt"",""checkpoint_exists"":true,""checkpoint_sha256"":""ec9f85acd51ac2c8f2e0b3b7977dc33e818d3dde72e234ece85bc1ef9b2fe101"",""history_enabled"":false,""history_tokens"":0,""structured"":true,""deck_cards"":60,""confidence_threshold"":0.0,""last_confidence"":0.9520568251609802,""package_root"":""/homes/lzhang/pocketmon/results/our_agents_2026-08-06/lopunny_froslass_g0""}]"
our_lopunny_froslass_g0,dragapult,22300720,1,win,1,166,3565.613,,,False,"[{},{""model_actions"":71,""fallback_actions"":0,""load_errors"":0,""inference_errors"":0,""illegal_model_actions"":0,""low_confidence_actions"":0,""illegal_fallback_actions"":0,""emergency_legal_actions"":0,""checkpoint"":""/homes/lzhang/pocketmon/results/our_agents_2026-08-06/lopunny_froslass_g0/checkpoint.pt"",""checkpoint_exists"":true,""checkpoint_sha256"":""ec9f85acd51ac2c8f2e0b3b7977dc33e818d3dde72e234ece85bc1ef9b2fe101"",""history_enabled"":false,""history_tokens"":0,""structured"":true,""deck_cards"":60,""confidence_threshold"":0.0,""last_confidence"":0.8436731696128845,""package_root"":""/homes/lzhang/pocketmon/results/our_agents_2026-08-06/lopunny_froslass_g0""}]"
our_lopunny_froslass_g0,alakazam_5th,22270719,1,win,1,162,4665.731,,,False,"[{},{""model_actions"":81,""fallback_actions"":0,""load_errors"":0,""inference_errors"":0,""illegal_model_actions"":0,""low_confidence_actions"":0,""illegal_fallback_actions"":0,""emergency_legal_actions"":0,""checkpoint"":""/homes/lzhang/pocketmon/results/our_agents_2026-08-06/lopunny_froslass_g0/checkpoint.pt"",""checkpoint_exists"":true,""checkpoint_sha256"":""ec9f85acd51ac2c8f2e0b3b7977dc33e818d3dde72e234ece85bc1ef9b2fe101"",""history_enabled"":false,""history_tokens"":0,""structured"":true,""deck_cards"":60,""confidence_threshold"":0.0,""last_confidence"":1.0,""package_root"":""/homes/lzhang/pocketmon/results/our_agents_2026-08-06/lopunny_froslass_g0""}]"
our_dragapult_munkidori_g0,beam_search_940,21350719,1,loss,0,131,2755.387,,,False,"[{},{""model_actions"":55,""fallback_actions"":0,""load_errors"":0,""inference_errors"":0,""illegal_model_actions"":0,""low_confidence_actions"":0,""illegal_fallback_actions"":0,""emergency_legal_actions"":0,""checkpoint"":""/homes/lzhang/pocketmon/results/our_agents_2026-08-06/dragapult_munkidori_g0/checkpoint.pt"",""checkpoint_exists"":true,""checkpoint_sha256"":""cf9631897196c825dd535ac91c73abf0fbef0f3dda812fbb7193629acf65527f"",""history_enabled"":false,""history_tokens"":0,""structured"":true,""deck_cards"":60,""confidence_threshold"":0.0,""last_confidence"":0.40329915285110474,""package_root"":""/homes/lzhang/pocketmon/results/our_agents_2026-08-06/dragapult_munkidori_g0""}]"
our_dragapult_munkidori_g0,beam_search_940,21350720,1,loss,0,153,3114.116,,,False,"[{},{""model_actions"":82,""fallback_actions"":0,""load_errors"":0,""inference_errors"":0,""illegal_model_actions"":0,""low_confidence_actions"":0,""illegal_fallback_actions"":0,""emergency_legal_actions"":0,""checkpoint"":""/homes/lzhang/pocketmon/results/our_agents_2026-08-06/dragapult_munkidori_g0/checkpoint.pt"",""checkpoint_exists"":true,""checkpoint_sha256"":""cf9631897196c825dd535ac91c73abf0fbef0f3dda812fbb7193629acf65527f"",""history_enabled"":false,""history_tokens"":0,""structured"":true,""deck_cards"":60,""confidence_threshold"":0.0,""last_confidence"":1.0,""package_root"":""/homes/lzhang/pocketmon/results/our_agents_2026-08-06/dragapult_munkidori_g0""}]"
our_raging_bolt_g0,archaludon,20280720,1,win,1,96,3124.446,,,False,"[{},{""model_actions"":64,""fallback_actions"":0,""load_errors"":0,""inference_errors"":0,""illegal_model_actions"":0,""low_confidence_actions"":0,""illegal_fallback_actions"":0,""emergency_legal_actions"":0,""checkpoint"":""/homes/lzhang/pocketmon/results/our_agents_2026-08-06/raging_bolt_g0/checkpoint.pt"",""checkpoint_exists"":true,""checkpoint_sha256"":""de0b7e36c94ec920466cc2eaa85d9dbd7d93f3fe049d56393450e40174854ce3"",""history_enabled"":false,""history_tokens"":0,""structured"":true,""deck_cards"":60,""confidence_threshold"":0.0,""last_confidence"":0.6301636099815369,""package_root"":""/homes/lzhang/pocketmon/results/our_agents_2026-08-06/raging_bolt_g0""}]"
our_raging_bolt_g0,roman_recent_885,20380720,1,loss,0,168,5396.909,,,False,"[{},{""model_actions"":77,""fallback_actions"":0,""load_errors"":0,""inference_errors"":0,""illegal_model_actions"":0,""low_confidence_actions"":0,""illegal_fallback_actions"":0,""emergency_legal_actions"":0,""checkpoint"":""/homes/lzhang/pocketmon/results/our_agents_2026-08-06/raging_bolt_g0/checkpoint.pt"",""checkpoint_exists"":true,""checkpoint_sha256"":""de0b7e36c94ec920466cc2eaa85d9dbd7d93f3fe049d56393450e40174854ce3"",""history_enabled"":false,""history_tokens"":0,""structured"":true,""deck_cards"":60,""confidence_threshold"":0.0,""last_confidence"":0.37013745307922363,""package_root"":""/homes/lzhang/pocketmon/results/our_agents_2026-08-06/raging_bolt_g0""}]"
our_lopunny_froslass_g0,iono,22310720,1,loss,0,256,2742.298,,,False,"[{},{""model_actions"":87,""fallback_actions"":0,""load_errors"":0,""inference_errors"":0,""illegal_model_actions"":0,""low_confidence_actions"":0,""illegal_fallback_actions"":0,""emergency_legal_actions"":0,""checkpoint"":""/homes/lzhang/pocketmon/results/our_agents_2026-08-06/lopunny_froslass_g0/checkpoint.pt"",""checkpoint_exists"":true,""checkpoint_sha256"":""ec9f85acd51ac2c8f2e0b3b7977dc33e818d3dde72e234ece85bc1ef9b2fe101"",""history_enabled"":false,""history_tokens"":0,""structured"":true,""deck_cards"":60,""confidence_threshold"":0.0,""last_confidence"":0.7684623599052429,""package_root"":""/homes/lzhang/pocketmon/results/our_agents_2026-08-06/lopunny_froslass_g0""}]"
our_raging_bolt_g0,beam_search_940,20350719,1,loss,0,114,3308.096,,,False,"[{},{""model_actions"":52,""fallback_actions"":0,""load_errors"":0,""inference_errors"":0,""illegal_model_actions"":0,""low_confidence_actions"":0,""illegal_fallback_actions"":0,""emergency_legal_actions"":0,""checkpoint"":""/homes/lzhang/pocketmon/results/our_agents_2026-08-06/raging_bolt_g0/checkpoint.pt"",""checkpoint_exists"":true,""checkpoint_sha256"":""de0b7e36c94ec920466cc2eaa85d9dbd7d93f3fe049d56393450e40174854ce3"",""history_enabled"":false,""history_tokens"":0,""structured"":true,""deck_cards"":60,""confidence_threshold"":0.0,""last_confidence"":0.20696206390857697,""package_root"":""/homes/lzhang/pocketmon/results/our_agents_2026-08-06/raging_bolt_g0""}]"
our_lopunny_froslass_g0,official_random,22260720,1,win,1,106,3222.051,,,False,"[{},{""model_actions"":82,""fallback_actions"":0,""load_errors"":0,""inference_errors"":0,""illegal_model_actions"":0,""low_confidence_actions"":0,""illegal_fallback_actions"":0,""emergency_legal_actions"":0,""checkpoint"":""/homes/lzhang/pocketmon/results/our_agents_2026-08-06/lopunny_froslass_g0/checkpoint.pt"",""checkpoint_exists"":true,""checkpoint_sha256"":""ec9f85acd51ac2c8f2e0b3b7977dc33e818d3dde72e234ece85bc1ef9b2fe101"",""history_enabled"":false,""history_tokens"":0,""structured"":true,""deck_cards"":60,""confidence_threshold"":0.0,""last_confidence"":0.7566900849342346,""package_root"":""/homes/lzhang/pocketmon/results/our_agents_2026-08-06/lopunny_froslass_g0""}]"
our_dragapult_munkidori_g0,simple_matchup,21370720,0,win,0,112,3079.303,,,False,"[{""model_actions"":85,""fallback_actions"":0,""load_errors"":0,""inference_errors"":0,""illegal_model_actions"":0,""low_confidence_actions"":0,""illegal_fallback_actions"":0,""emergency_legal_actions"":0,""checkpoint"":""/homes/lzhang/pocketmon/results/our_agents_2026-08-06/dragapult_munkidori_g0/checkpoint.pt"",""checkpoint_exists"":true,""checkpoint_sha256"":""cf9631897196c825dd535ac91c73abf0fbef0f3dda812fbb7193629acf65527f"",""history_enabled"":false,""history_tokens"":0,""structured"":true,""deck_cards"":60,""confidence_threshold"":0.0,""last_confidence"":1.0,""package_root"":""/homes/lzhang/pocketmon/results/our_agents_2026-08-06/dragapult_munkidori_g0""},{}]"
our_lopunny_froslass_g0,beam_search_940,22350719,1,loss,0,183,3767.844,,,False,"[{},{""model_actions"":100,""fallback_actions"":0,""load_errors"":0,""inference_errors"":0,""illegal_model_actions"":0,""low_confidence_actions"":0,""illegal_fallback_actions"":0,""emergency_legal_actions"":0,""checkpoint"":""/homes/lzhang/pocketmon/results/our_agents_2026-08-06/lopunny_froslass_g0/checkpoint.pt"",""checkpoint_exists"":true,""checkpoint_sha256"":""ec9f85acd51ac2c8f2e0b3b7977dc33e818d3dde72e234ece85bc1ef9b2fe101"",""history_enabled"":false,""history_tokens"":0,""structured"":true,""deck_cards"":60,""confidence_threshold"":0.0,""last_confidence"":0.8437969088554382,""package_root"":""/homes/lzhang/pocketmon/results/our_agents_2026-08-06/lopunny_froslass_g0""}]"
our_raging_bolt_g0,grim_hybrid_909,20360719,1,loss,0,231,8349.62,,,False,"[{},{""model_actions"":92,""fallback_actions"":0,""load_errors"":0,""inference_errors"":0,""illegal_model_actions"":0,""low_confidence_actions"":0,""illegal_fallback_actions"":0,""emergency_legal_actions"":0,""checkpoint"":""/homes/lzhang/pocketmon/results/our_agents_2026-08-06/raging_bolt_g0/checkpoint.pt"",""checkpoint_exists"":true,""checkpoint_sha256"":""de0b7e36c94ec920466cc2eaa85d9dbd7d93f3fe049d56393450e40174854ce3"",""history_enabled"":false,""history_tokens"":0,""structured"":true,""deck_cards"":60,""confidence_threshold"":0.0,""last_confidence"":0.41862183809280396,""package_root"":""/homes/lzhang/pocketmon/results/our_agents_2026-08-06/raging_bolt_g0""}]"
our_dragapult_munkidori_g0,iono,21310720,1,loss,0,339,7458.304,,,False,"[{},{""model_actions"":141,""fallback_actions"":0,""load_errors"":0,""inference_errors"":0,""illegal_model_actions"":0,""low_confidence_actions"":0,""illegal_fallback_actions"":0,""emergency_legal_actions"":0,""checkpoint"":""/homes/lzhang/pocketmon/results/our_agents_2026-08-06/dragapult_munkidori_g0/checkpoint.pt"",""checkpoint_exists"":true,""checkpoint_sha256"":""cf9631897196c825dd535ac91c73abf0fbef0f3dda812fbb7193629acf65527f"",""history_enabled"":false,""history_tokens"":0,""structured"":true,""deck_cards"":60,""confidence_threshold"":0.0,""last_confidence"":0.7053691744804382,""package_root"":""/homes/lzhang/pocketmon/results/our_agents_2026-08-06/dragapult_munkidori_g0""}]"
our_dragapult_munkidori_g0,archaludon,21280720,1,win,1,160,5275.147,,,False,"[{},{""model_actions"":105,""fallback_actions"":0,""load_errors"":0,""inference_errors"":0,""illegal_model_actions"":0,""low_confidence_actions"":0,""illegal_fallback_actions"":0,""emergency_legal_actions"":0,""checkpoint"":""/homes/lzhang/pocketmon/results/our_agents_2026-08-06/dragapult_munkidori_g0/checkpoint.pt"",""checkpoint_exists"":true,""checkpoint_sha256"":""cf9631897196c825dd535ac91c73abf0fbef0f3dda812fbb7193629acf65527f"",""history_enabled"":false,""history_tokens"":0,""structured"":true,""deck_cards"":60,""confidence_threshold"":0.0,""last_confidence"":0.7648913860321045,""package_root"":""/homes/lzhang/pocketmon/results/our_agents_2026-08-06/dragapult_munkidori_g0""}]"
our_lopunny_froslass_g0,lucario_sample,22320720,1,loss,0,183,5967.28,,,False,"[{},{""model_actions"":92,""fallback_actions"":0,""load_errors"":0,""inference_errors"":0,""illegal_model_actions"":0,""low_confidence_actions"":0,""illegal_fallback_actions"":0,""emergency_legal_actions"":0,""checkpoint"":""/homes/lzhang/pocketmon/results/our_agents_2026-08-06/lopunny_froslass_g0/checkpoint.pt"",""checkpoint_exists"":true,""checkpoint_sha256"":""ec9f85acd51ac2c8f2e0b3b7977dc33e818d3dde72e234ece85bc1ef9b2fe101"",""history_enabled"":false,""history_tokens"":0,""structured"":true,""deck_cards"":60,""confidence_threshold"":0.0,""last_confidence"":0.6409576535224915,""package_root"":""/homes/lzhang/pocketmon/results/our_agents_2026-08-06/lopunny_froslass_g0""}]"
our_raging_bolt_g0,official_random,20260720,1,loss,0,151,8045.717,,,False,"[{},{""model_actions"":103,""fallback_actions"":0,""load_errors"":0,""inference_errors"":0,""illegal_model_actions"":0,""low_confidence_actions"":0,""illegal_fallback_actions"":0,""emergency_legal_actions"":0,""checkpoint"":""/homes/lzhang/pocketmon/results/our_agents_2026-08-06/raging_bolt_g0/checkpoint.pt"",""checkpoint_exists"":true,""checkpoint_sha256"":""de0b7e36c94ec920466cc2eaa85d9dbd7d93f3fe049d56393450e40174854ce3"",""history_enabled"":false,""history_tokens"":0,""structured"":true,""deck_cards"":60,""confidence_threshold"":0.0,""last_confidence"":0.5209616422653198,""package_root"":""/homes/lzhang/pocketmon/results/our_agents_2026-08-06/raging_bolt_g0""}]"
our_raging_bolt_g0,roman_recent_885,20380719,1,win,1,196,15828.292,,,False,"[{},{""model_actions"":95,""fallback_actions"":0,""load_errors"":0,""inference_errors"":0,""illegal_model_actions"":0,""low_confidence_actions"":0,""illegal_fallback_actions"":0,""emergency_legal_actions"":0,""checkpoint"":""/homes/lzhang/pocketmon/results/our_agents_2026-08-06/raging_bolt_g0/checkpoint.pt"",""checkpoint_exists"":true,""checkpoint_sha256"":""de0b7e36c94ec920466cc2eaa85d9dbd7d93f3fe049d56393450e40174854ce3"",""history_enabled"":false,""history_tokens"":0,""structured"":true,""deck_cards"":60,""confidence_threshold"":0.0,""last_confidence"":0.6180168390274048,""package_root"":""/homes/lzhang/pocketmon/results/our_agents_2026-08-06/raging_bolt_g0""}]"
our_dragapult_munkidori_g0,archaludon,21280719,0,loss,1,180,6755.786,,,False,"[{""model_actions"":129,""fallback_actions"":0,""load_errors"":0,""inference_errors"":0,""illegal_model_actions"":0,""low_confidence_actions"":0,""illegal_fallback_actions"":0,""emergency_legal_actions"":0,""checkpoint"":""/homes/lzhang/pocketmon/results/our_agents_2026-08-06/dragapult_munkidori_g0/checkpoint.pt"",""checkpoint_exists"":true,""checkpoint_sha256"":""cf9631897196c825dd535ac91c73abf0fbef0f3dda812fbb7193629acf65527f"",""history_enabled"":false,""history_tokens"":0,""structured"":true,""deck_cards"":60,""confidence_threshold"":0.0,""last_confidence"":1.0,""package_root"":""/homes/lzhang/pocketmon/results/our_agents_2026-08-06/dragapult_munkidori_g0""},{}]"
our_lopunny_froslass_g0,lucario_1084,22330720,1,loss,0,95,7396.986,,,False,"[{},{""model_actions"":40,""fallback_actions"":0,""load_errors"":0,""inference_errors"":0,""illegal_model_actions"":0,""low_confidence_actions"":0,""illegal_fallback_actions"":0,""emergency_legal_actions"":0,""checkpoint"":""/homes/lzhang/pocketmon/results/our_agents_2026-08-06/lopunny_froslass_g0/checkpoint.pt"",""checkpoint_exists"":true,""checkpoint_sha256"":""ec9f85acd51ac2c8f2e0b3b7977dc33e818d3dde72e234ece85bc1ef9b2fe101"",""history_enabled"":false,""history_tokens"":0,""structured"":true,""deck_cards"":60,""confidence_threshold"":0.0,""last_confidence"":0.6232397556304932,""package_root"":""/homes/lzhang/pocketmon/results/our_agents_2026-08-06/lopunny_froslass_g0""}]"
our_lopunny_froslass_g0,simple_matchup,22370720,1,loss,0,99,3599.491,,,False,"[{},{""model_actions"":34,""fallback_actions"":0,""load_errors"":0,""inference_errors"":0,""illegal_model_actions"":0,""low_confidence_actions"":0,""illegal_fallback_actions"":0,""emergency_legal_actions"":0,""checkpoint"":""/homes/lzhang/pocketmon/results/our_agents_2026-08-06/lopunny_froslass_g0/checkpoint.pt"",""checkpoint_exists"":true,""checkpoint_sha256"":""ec9f85acd51ac2c8f2e0b3b7977dc33e818d3dde72e234ece85bc1ef9b2fe101"",""history_enabled"":false,""history_tokens"":0,""structured"":true,""deck_cards"":60,""confidence_threshold"":0.0,""last_confidence"":0.7732850909233093,""package_root"":""/homes/lzhang/pocketmon/results/our_agents_2026-08-06/lopunny_froslass_g0""}]"
our_dragapult_munkidori_g0,probabilistic,21340719,0,loss,1,137,4330.967,,,False,"[{""model_actions"":64,""fallback_actions"":0,""load_errors"":0,""inference_errors"":0,""illegal_model_actions"":0,""low_confidence_actions"":0,""illegal_fallback_actions"":0,""emergency_legal_actions"":0,""checkpoint"":""/homes/lzhang/pocketmon/results/our_agents_2026-08-06/dragapult_munkidori_g0/checkpoint.pt"",""checkpoint_exists"":true,""checkpoint_sha256"":""cf9631897196c825dd535ac91c73abf0fbef0f3dda812fbb7193629acf65527f"",""history_enabled"":false,""history_tokens"":0,""structured"":true,""deck_cards"":60,""confidence_threshold"":0.0,""last_confidence"":0.8375757932662964,""package_root"":""/homes/lzhang/pocketmon/results/our_agents_2026-08-06/dragapult_munkidori_g0""},{}]"
our_raging_bolt_g0,beam_search_940,20350720,0,loss,1,107,4058.531,,,False,"[{""model_actions"":52,""fallback_actions"":0,""load_errors"":0,""inference_errors"":0,""illegal_model_actions"":0,""low_confidence_actions"":0,""illegal_fallback_actions"":0,""emergency_legal_actions"":0,""checkpoint"":""/homes/lzhang/pocketmon/results/our_agents_2026-08-06/raging_bolt_g0/checkpoint.pt"",""checkpoint_exists"":true,""checkpoint_sha256"":""de0b7e36c94ec920466cc2eaa85d9dbd7d93f3fe049d56393450e40174854ce3"",""history_enabled"":false,""history_tokens"":0,""structured"":true,""deck_cards"":60,""confidence_threshold"":0.0,""last_confidence"":1.0,""package_root"":""/homes/lzhang/pocketmon/results/our_agents_2026-08-06/raging_bolt_g0""},{}]"
our_raging_bolt_g0,official_random,20260720,0,win,0,62,3937.454,,,False,"[{""model_actions"":45,""fallback_actions"":0,""load_errors"":0,""inference_errors"":0,""illegal_model_actions"":0,""low_confidence_actions"":0,""illegal_fallback_actions"":0,""emergency_legal_actions"":0,""checkpoint"":""/homes/lzhang/pocketmon/results/our_agents_2026-08-06/raging_bolt_g0/checkpoint.pt"",""checkpoint_exists"":true,""checkpoint_sha256"":""de0b7e36c94ec920466cc2eaa85d9dbd7d93f3fe049d56393450e40174854ce3"",""history_enabled"":false,""history_tokens"":0,""structured"":true,""deck_cards"":60,""confidence_threshold"":0.0,""last_confidence"":0.28891775012016296,""package_root"":""/homes/lzhang/pocketmon/results/our_agents_2026-08-06/raging_bolt_g0""},{}]"
our_lopunny_froslass_g0,simple_matchup,22370719,1,win,1,162,5582.555,,,False,"[{},{""model_actions"":87,""fallback_actions"":0,""load_errors"":0,""inference_errors"":0,""illegal_model_actions"":0,""low_confidence_actions"":0,""illegal_fallback_actions"":0,""emergency_legal_actions"":0,""checkpoint"":""/homes/lzhang/pocketmon/results/our_agents_2026-08-06/lopunny_froslass_g0/checkpoint.pt"",""checkpoint_exists"":true,""checkpoint_sha256"":""ec9f85acd51ac2c8f2e0b3b7977dc33e818d3dde72e234ece85bc1ef9b2fe101"",""history_enabled"":false,""history_tokens"":0,""structured"":true,""deck_cards"":60,""confidence_threshold"":0.0,""last_confidence"":0.850915789604187,""package_root"":""/homes/lzhang/pocketmon/results/our_agents_2026-08-06/lopunny_froslass_g0""}]"
our_raging_bolt_g0,simple_matchup,20370719,1,loss,0,118,3805.433,,,False,"[{},{""model_actions"":57,""fallback_actions"":0,""load_errors"":0,""inference_errors"":0,""illegal_model_actions"":0,""low_confidence_actions"":0,""illegal_fallback_actions"":0,""emergency_legal_actions"":0,""checkpoint"":""/homes/lzhang/pocketmon/results/our_agents_2026-08-06/raging_bolt_g0/checkpoint.pt"",""checkpoint_exists"":true,""checkpoint_sha256"":""de0b7e36c94ec920466cc2eaa85d9dbd7d93f3fe049d56393450e40174854ce3"",""history_enabled"":false,""history_tokens"":0,""structured"":true,""deck_cards"":60,""confidence_threshold"":0.0,""last_confidence"":0.7399033308029175,""package_root"":""/homes/lzhang/pocketmon/results/our_agents_2026-08-06/raging_bolt_g0""}]"
our_dragapult_munkidori_g0,grim_hybrid_909,21360720,0,loss,1,104,4537.489,,,False,"[{""model_actions"":38,""fallback_actions"":0,""load_errors"":0,""inference_errors"":0,""illegal_model_actions"":0,""low_confidence_actions"":0,""illegal_fallback_actions"":0,""emergency_legal_actions"":0,""checkpoint"":""/homes/lzhang/pocketmon/results/our_agents_2026-08-06/dragapult_munkidori_g0/checkpoint.pt"",""checkpoint_exists"":true,""checkpoint_sha256"":""cf9631897196c825dd535ac91c73abf0fbef0f3dda812fbb7193629acf65527f"",""history_enabled"":false,""history_tokens"":0,""structured"":true,""deck_cards"":60,""confidence_threshold"":0.0,""last_confidence"":1.0,""package_root"":""/homes/lzhang/pocketmon/results/our_agents_2026-08-06/dragapult_munkidori_g0""},{}]"
our_dragapult_munkidori_g0,alakazam_5th,21270719,1,win,1,67,3938.973,,,False,"[{},{""model_actions"":48,""fallback_actions"":0,""load_errors"":0,""inference_errors"":0,""illegal_model_actions"":0,""low_confidence_actions"":0,""illegal_fallback_actions"":0,""emergency_legal_actions"":0,""checkpoint"":""/homes/lzhang/pocketmon/results/our_agents_2026-08-06/dragapult_munkidori_g0/checkpoint.pt"",""checkpoint_exists"":true,""checkpoint_sha256"":""cf9631897196c825dd535ac91c73abf0fbef0f3dda812fbb7193629acf65527f"",""history_enabled"":false,""history_tokens"":0,""structured"":true,""deck_cards"":60,""confidence_threshold"":0.0,""last_confidence"":0.611860454082489,""package_root"":""/homes/lzhang/pocketmon/results/our_agents_2026-08-06/dragapult_munkidori_g0""}]"
our_dragapult_munkidori_g0,grim_hybrid_909,21360719,1,win,1,205,6290.022,,,False,"[{},{""model_actions"":127,""fallback_actions"":0,""load_errors"":0,""inference_errors"":0,""illegal_model_actions"":0,""low_confidence_actions"":0,""illegal_fallback_actions"":0,""emergency_legal_actions"":0,""checkpoint"":""/homes/lzhang/pocketmon/results/our_agents_2026-08-06/dragapult_munkidori_g0/checkpoint.pt"",""checkpoint_exists"":true,""checkpoint_sha256"":""cf9631897196c825dd535ac91c73abf0fbef0f3dda812fbb7193629acf65527f"",""history_enabled"":false,""history_tokens"":0,""structured"":true,""deck_cards"":60,""confidence_threshold"":0.0,""last_confidence"":1.0,""package_root"":""/homes/lzhang/pocketmon/results/our_agents_2026-08-06/dragapult_munkidori_g0""}]"
our_lopunny_froslass_g0,archaludon,22280719,1,loss,0,119,4675.386,,,False,"[{},{""model_actions"":84,""fallback_actions"":0,""load_errors"":0,""inference_errors"":0,""illegal_model_actions"":0,""low_confidence_actions"":0,""illegal_fallback_actions"":0,""emergency_legal_actions"":0,""checkpoint"":""/homes/lzhang/pocketmon/results/our_agents_2026-08-06/lopunny_froslass_g0/checkpoint.pt"",""checkpoint_exists"":true,""checkpoint_sha256"":""ec9f85acd51ac2c8f2e0b3b7977dc33e818d3dde72e234ece85bc1ef9b2fe101"",""history_enabled"":false,""history_tokens"":0,""structured"":true,""deck_cards"":60,""confidence_threshold"":0.0,""last_confidence"":0.4261036515235901,""package_root"":""/homes/lzhang/pocketmon/results/our_agents_2026-08-06/lopunny_froslass_g0""}]"
our_raging_bolt_g0,probabilistic,20340719,0,loss,1,76,5216.541,,,False,"[{""model_actions"":38,""fallback_actions"":0,""load_errors"":0,""inference_errors"":0,""illegal_model_actions"":0,""low_confidence_actions"":0,""illegal_fallback_actions"":0,""emergency_legal_actions"":0,""checkpoint"":""/homes/lzhang/pocketmon/results/our_agents_2026-08-06/raging_bolt_g0/checkpoint.pt"",""checkpoint_exists"":true,""checkpoint_sha256"":""de0b7e36c94ec920466cc2eaa85d9dbd7d93f3fe049d56393450e40174854ce3"",""history_enabled"":false,""history_tokens"":0,""structured"":true,""deck_cards"":60,""confidence_threshold"":0.0,""last_confidence"":1.0,""package_root"":""/homes/lzhang/pocketmon/results/our_agents_2026-08-06/raging_bolt_g0""},{}]"
our_dragapult_munkidori_g0,dragapult,21300719,1,loss,0,178,7734.234,,,False,"[{},{""model_actions"":72,""fallback_actions"":0,""load_errors"":0,""inference_errors"":0,""illegal_model_actions"":0,""low_confidence_actions"":0,""illegal_fallback_actions"":0,""emergency_legal_actions"":0,""checkpoint"":""/homes/lzhang/pocketmon/results/our_agents_2026-08-06/dragapult_munkidori_g0/checkpoint.pt"",""checkpoint_exists"":true,""checkpoint_sha256"":""cf9631897196c825dd535ac91c73abf0fbef0f3dda812fbb7193629acf65527f"",""history_enabled"":false,""history_tokens"":0,""structured"":true,""deck_cards"":60,""confidence_threshold"":0.0,""last_confidence"":1.0,""package_root"":""/homes/lzhang/pocketmon/results/our_agents_2026-08-06/dragapult_munkidori_g0""}]"
our_lopunny_froslass_g0,probabilistic,22340719,0,loss,1,127,6423.148,,,False,"[{""model_actions"":67,""fallback_actions"":0,""load_errors"":0,""inference_errors"":0,""illegal_model_actions"":0,""low_confidence_actions"":0,""illegal_fallback_actions"":0,""emergency_legal_actions"":0,""checkpoint"":""/homes/lzhang/pocketmon/results/our_agents_2026-08-06/lopunny_froslass_g0/checkpoint.pt"",""checkpoint_exists"":true,""checkpoint_sha256"":""ec9f85acd51ac2c8f2e0b3b7977dc33e818d3dde72e234ece85bc1ef9b2fe101"",""history_enabled"":false,""history_tokens"":0,""structured"":true,""deck_cards"":60,""confidence_threshold"":0.0,""last_confidence"":0.5067623853683472,""package_root"":""/homes/lzhang/pocketmon/results/our_agents_2026-08-06/lopunny_froslass_g0""},{}]"
our_dragapult_munkidori_g0,simple_matchup,21370720,1,loss,0,25,2878.3,,,False,"[{},{""model_actions"":7,""fallback_actions"":0,""load_errors"":0,""inference_errors"":0,""illegal_model_actions"":0,""low_confidence_actions"":0,""illegal_fallback_actions"":0,""emergency_legal_actions"":0,""checkpoint"":""/homes/lzhang/pocketmon/results/our_agents_2026-08-06/dragapult_munkidori_g0/checkpoint.pt"",""checkpoint_exists"":true,""checkpoint_sha256"":""cf9631897196c825dd535ac91c73abf0fbef0f3dda812fbb7193629acf65527f"",""history_enabled"":false,""history_tokens"":0,""structured"":true,""deck_cards"":60,""confidence_threshold"":0.0,""last_confidence"":1.0,""package_root"":""/homes/lzhang/pocketmon/results/our_agents_2026-08-06/dragapult_munkidori_g0""}]"
our_raging_bolt_g0,dragapult,20300720,1,loss,0,114,3349.354,,,False,"[{},{""model_actions"":44,""fallback_actions"":0,""load_errors"":0,""inference_errors"":0,""illegal_model_actions"":0,""low_confidence_actions"":0,""illegal_fallback_actions"":0,""emergency_legal_actions"":0,""checkpoint"":""/homes/lzhang/pocketmon/results/our_agents_2026-08-06/raging_bolt_g0/checkpoint.pt"",""checkpoint_exists"":true,""checkpoint_sha256"":""de0b7e36c94ec920466cc2eaa85d9dbd7d93f3fe049d56393450e40174854ce3"",""history_enabled"":false,""history_tokens"":0,""structured"":true,""deck_cards"":60,""confidence_threshold"":0.0,""last_confidence"":0.7818934321403503,""package_root"":""/homes/lzhang/pocketmon/results/our_agents_2026-08-06/raging_bolt_g0""}]"
our_dragapult_munkidori_g0,archaludon,21280719,1,win,1,155,5621.869,,,False,"[{},{""model_actions"":112,""fallback_actions"":0,""load_errors"":0,""inference_errors"":0,""illegal_model_actions"":0,""low_confidence_actions"":0,""illegal_fallback_actions"":0,""emergency_legal_actions"":0,""checkpoint"":""/homes/lzhang/pocketmon/results/our_agents_2026-08-06/dragapult_munkidori_g0/checkpoint.pt"",""checkpoint_exists"":true,""checkpoint_sha256"":""cf9631897196c825dd535ac91c73abf0fbef0f3dda812fbb7193629acf65527f"",""history_enabled"":false,""history_tokens"":0,""structured"":true,""deck_cards"":60,""confidence_threshold"":0.0,""last_confidence"":1.0,""package_root"":""/homes/lzhang/pocketmon/results/our_agents_2026-08-06/dragapult_munkidori_g0""}]"
our_lopunny_froslass_g0,beam_search_940,22350720,0,win,0,159,5003.445,,,False,"[{""model_actions"":76,""fallback_actions"":0,""load_errors"":0,""inference_errors"":0,""illegal_model_actions"":0,""low_confidence_actions"":0,""illegal_fallback_actions"":0,""emergency_legal_actions"":0,""checkpoint"":""/homes/lzhang/pocketmon/results/our_agents_2026-08-06/lopunny_froslass_g0/checkpoint.pt"",""checkpoint_exists"":true,""checkpoint_sha256"":""ec9f85acd51ac2c8f2e0b3b7977dc33e818d3dde72e234ece85bc1ef9b2fe101"",""history_enabled"":false,""history_tokens"":0,""structured"":true,""deck_cards"":60,""confidence_threshold"":0.0,""last_confidence"":0.8810962438583374,""package_root"":""/homes/lzhang/pocketmon/results/our_agents_2026-08-06/lopunny_froslass_g0""},{}]"
our_lopunny_froslass_g0,iono,22310719,1,loss,0,216,5114.685,,,False,"[{},{""model_actions"":57,""fallback_actions"":0,""load_errors"":0,""inference_errors"":0,""illegal_model_actions"":0,""low_confidence_actions"":0,""illegal_fallback_actions"":0,""emergency_legal_actions"":0,""checkpoint"":""/homes/lzhang/pocketmon/results/our_agents_2026-08-06/lopunny_froslass_g0/checkpoint.pt"",""checkpoint_exists"":true,""checkpoint_sha256"":""ec9f85acd51ac2c8f2e0b3b7977dc33e818d3dde72e234ece85bc1ef9b2fe101"",""history_enabled"":false,""history_tokens"":0,""structured"":true,""deck_cards"":60,""confidence_threshold"":0.0,""last_confidence"":0.8537161350250244,""package_root"":""/homes/lzhang/pocketmon/results/our_agents_2026-08-06/lopunny_froslass_g0""}]"
our_dragapult_munkidori_g0,roman_recent_885,21380719,0,win,0,143,10014.527,,,False,"[{""model_actions"":92,""fallback_actions"":0,""load_errors"":0,""inference_errors"":0,""illegal_model_actions"":0,""low_confidence_actions"":0,""illegal_fallback_actions"":0,""emergency_legal_actions"":0,""checkpoint"":""/homes/lzhang/pocketmon/results/our_agents_2026-08-06/dragapult_munkidori_g0/checkpoint.pt"",""checkpoint_exists"":true,""checkpoint_sha256"":""cf9631897196c825dd535ac91c73abf0fbef0f3dda812fbb7193629acf65527f"",""history_enabled"":false,""history_tokens"":0,""structured"":true,""deck_cards"":60,""confidence_threshold"":0.0,""last_confidence"":0.7570422291755676,""package_root"":""/homes/lzhang/pocketmon/results/our_agents_2026-08-06/dragapult_munkidori_g0""},{}]"
our_lopunny_froslass_g0,alakazam_5th,22270720,1,win,1,141,5369.819,,,False,"[{},{""model_actions"":72,""fallback_actions"":0,""load_errors"":0,""inference_errors"":0,""illegal_model_actions"":0,""low_confidence_actions"":0,""illegal_fallback_actions"":0,""emergency_legal_actions"":0,""checkpoint"":""/homes/lzhang/pocketmon/results/our_agents_2026-08-06/lopunny_froslass_g0/checkpoint.pt"",""checkpoint_exists"":true,""checkpoint_sha256"":""ec9f85acd51ac2c8f2e0b3b7977dc33e818d3dde72e234ece85bc1ef9b2fe101"",""history_enabled"":false,""history_tokens"":0,""structured"":true,""deck_cards"":60,""confidence_threshold"":0.0,""last_confidence"":1.0,""package_root"":""/homes/lzhang/pocketmon/results/our_agents_2026-08-06/lopunny_froslass_g0""}]"
our_raging_bolt_g0,iono,20310720,0,loss,1,260,4876.578,,,False,"[{""model_actions"":85,""fallback_actions"":0,""load_errors"":0,""inference_errors"":0,""illegal_model_actions"":0,""low_confidence_actions"":0,""illegal_fallback_actions"":0,""emergency_legal_actions"":0,""checkpoint"":""/homes/lzhang/pocketmon/results/our_agents_2026-08-06/raging_bolt_g0/checkpoint.pt"",""checkpoint_exists"":true,""checkpoint_sha256"":""de0b7e36c94ec920466cc2eaa85d9dbd7d93f3fe049d56393450e40174854ce3"",""history_enabled"":false,""history_tokens"":0,""structured"":true,""deck_cards"":60,""confidence_threshold"":0.0,""last_confidence"":0.49237045645713806,""package_root"":""/homes/lzhang/pocketmon/results/our_agents_2026-08-06/raging_bolt_g0""},{}]"
our_dragapult_munkidori_g0,official_random,21260719,0,win,0,104,4878.658,,,False,"[{""model_actions"":82,""fallback_actions"":0,""load_errors"":0,""inference_errors"":0,""illegal_model_actions"":0,""low_confidence_actions"":0,""illegal_fallback_actions"":0,""emergency_legal_actions"":0,""checkpoint"":""/homes/lzhang/pocketmon/results/our_agents_2026-08-06/dragapult_munkidori_g0/checkpoint.pt"",""checkpoint_exists"":true,""checkpoint_sha256"":""cf9631897196c825dd535ac91c73abf0fbef0f3dda812fbb7193629acf65527f"",""history_enabled"":false,""history_tokens"":0,""structured"":true,""deck_cards"":60,""confidence_threshold"":0.0,""last_confidence"":0.5637751817703247,""package_root"":""/homes/lzhang/pocketmon/results/our_agents_2026-08-06/dragapult_munkidori_g0""},{}]"
our_raging_bolt_g0,alakazam_5th,20270720,0,loss,1,109,5299.13,,,False,"[{""model_actions"":52,""fallback_actions"":0,""load_errors"":0,""inference_errors"":0,""illegal_model_actions"":0,""low_confidence_actions"":0,""illegal_fallback_actions"":0,""emergency_legal_actions"":0,""checkpoint"":""/homes/lzhang/pocketmon/results/our_agents_2026-08-06/raging_bolt_g0/checkpoint.pt"",""checkpoint_exists"":true,""checkpoint_sha256"":""de0b7e36c94ec920466cc2eaa85d9dbd7d93f3fe049d56393450e40174854ce3"",""history_enabled"":false,""history_tokens"":0,""structured"":true,""deck_cards"":60,""confidence_threshold"":0.0,""last_confidence"":0.3649923801422119,""package_root"":""/homes/lzhang/pocketmon/results/our_agents_2026-08-06/raging_bolt_g0""},{}]"
our_raging_bolt_g0,lucario_1084,20330720,0,loss,1,108,4092.374,,,False,"[{""model_actions"":54,""fallback_actions"":0,""load_errors"":0,""inference_errors"":0,""illegal_model_actions"":0,""low_confidence_actions"":0,""illegal_fallback_actions"":0,""emergency_legal_actions"":0,""checkpoint"":""/homes/lzhang/pocketmon/results/our_agents_2026-08-06/raging_bolt_g0/checkpoint.pt"",""checkpoint_exists"":true,""checkpoint_sha256"":""de0b7e36c94ec920466cc2eaa85d9dbd7d93f3fe049d56393450e40174854ce3"",""history_enabled"":false,""history_tokens"":0,""structured"":true,""deck_cards"":60,""confidence_threshold"":0.0,""last_confidence"":0.3692070543766022,""package_root"":""/homes/lzhang/pocketmon/results/our_agents_2026-08-06/raging_bolt_g0""},{}]"
our_raging_bolt_g0,archaludon,20280719,0,loss,1,97,4078.831,,,False,"[{""model_actions"":50,""fallback_actions"":0,""load_errors"":0,""inference_errors"":0,""illegal_model_actions"":0,""low_confidence_actions"":0,""illegal_fallback_actions"":0,""emergency_legal_actions"":0,""checkpoint"":""/homes/lzhang/pocketmon/results/our_agents_2026-08-06/raging_bolt_g0/checkpoint.pt"",""checkpoint_exists"":true,""checkpoint_sha256"":""de0b7e36c94ec920466cc2eaa85d9dbd7d93f3fe049d56393450e40174854ce3"",""history_enabled"":false,""history_tokens"":0,""structured"":true,""deck_cards"":60,""confidence_threshold"":0.0,""last_confidence"":0.4566973149776459,""package_root"":""/homes/lzhang/pocketmon/results/our_agents_2026-08-06/raging_bolt_g0""},{}]"
our_lopunny_froslass_g0,lucario_sample,22320719,0,win,0,143,4975.274,,,False,"[{""model_actions"":73,""fallback_actions"":0,""load_errors"":0,""inference_errors"":0,""illegal_model_actions"":0,""low_confidence_actions"":0,""illegal_fallback_actions"":0,""emergency_legal_actions"":0,""checkpoint"":""/homes/lzhang/pocketmon/results/our_agents_2026-08-06/lopunny_froslass_g0/checkpoint.pt"",""checkpoint_exists"":true,""checkpoint_sha256"":""ec9f85acd51ac2c8f2e0b3b7977dc33e818d3dde72e234ece85bc1ef9b2fe101"",""history_enabled"":false,""history_tokens"":0,""structured"":true,""deck_cards"":60,""confidence_threshold"":0.0,""last_confidence"":0.8061822056770325,""package_root"":""/homes/lzhang/pocketmon/results/our_agents_2026-08-06/lopunny_froslass_g0""},{}]"
our_dragapult_munkidori_g0,library_out_1208,21290719,1,loss,0,191,5618.334,,,False,"[{},{""model_actions"":130,""fallback_actions"":0,""load_errors"":0,""inference_errors"":0,""illegal_model_actions"":0,""low_confidence_actions"":0,""illegal_fallback_actions"":0,""emergency_legal_actions"":0,""checkpoint"":""/homes/lzhang/pocketmon/results/our_agents_2026-08-06/dragapult_munkidori_g0/checkpoint.pt"",""checkpoint_exists"":true,""checkpoint_sha256"":""cf9631897196c825dd535ac91c73abf0fbef0f3dda812fbb7193629acf65527f"",""history_enabled"":false,""history_tokens"":0,""structured"":true,""deck_cards"":60,""confidence_threshold"":0.0,""last_confidence"":0.47959277033805847,""package_root"":""/homes/lzhang/pocketmon/results/our_agents_2026-08-06/dragapult_munkidori_g0""}]"
our_raging_bolt_g0,dragapult,20300719,1,loss,0,112,4878.883,,,False,"[{},{""model_actions"":59,""fallback_actions"":0,""load_errors"":0,""inference_errors"":0,""illegal_model_actions"":0,""low_confidence_actions"":0,""illegal_fallback_actions"":0,""emergency_legal_actions"":0,""checkpoint"":""/homes/lzhang/pocketmon/results/our_agents_2026-08-06/raging_bolt_g0/checkpoint.pt"",""checkpoint_exists"":true,""checkpoint_sha256"":""de0b7e36c94ec920466cc2eaa85d9dbd7d93f3fe049d56393450e40174854ce3"",""history_enabled"":false,""history_tokens"":0,""structured"":true,""deck_cards"":60,""confidence_threshold"":0.0,""last_confidence"":1.0,""package_root"":""/homes/lzhang/pocketmon/results/our_agents_2026-08-06/raging_bolt_g0""}]"
our_dragapult_munkidori_g0,probabilistic,21340720,1,loss,0,186,5691.927,,,False,"[{},{""model_actions"":100,""fallback_actions"":0,""load_errors"":0,""inference_errors"":0,""illegal_model_actions"":0,""low_confidence_actions"":0,""illegal_fallback_actions"":0,""emergency_legal_actions"":0,""checkpoint"":""/homes/lzhang/pocketmon/results/our_agents_2026-08-06/dragapult_munkidori_g0/checkpoint.pt"",""checkpoint_exists"":true,""checkpoint_sha256"":""cf9631897196c825dd535ac91c73abf0fbef0f3dda812fbb7193629acf65527f"",""history_enabled"":false,""history_tokens"":0,""structured"":true,""deck_cards"":60,""confidence_threshold"":0.0,""last_confidence"":0.49394741654396057,""package_root"":""/homes/lzhang/pocketmon/results/our_agents_2026-08-06/dragapult_munkidori_g0""}]"
our_lopunny_froslass_g0,library_out_1208,22290720,0,win,0,74,4193.519,,,False,"[{""model_actions"":61,""fallback_actions"":0,""load_errors"":0,""inference_errors"":0,""illegal_model_actions"":0,""low_confidence_actions"":0,""illegal_fallback_actions"":0,""emergency_legal_actions"":0,""checkpoint"":""/homes/lzhang/pocketmon/results/our_agents_2026-08-06/lopunny_froslass_g0/checkpoint.pt"",""checkpoint_exists"":true,""checkpoint_sha256"":""ec9f85acd51ac2c8f2e0b3b7977dc33e818d3dde72e234ece85bc1ef9b2fe101"",""history_enabled"":false,""history_tokens"":0,""structured"":true,""deck_cards"":60,""confidence_threshold"":0.0,""last_confidence"":0.6255943775177002,""package_root"":""/homes/lzhang/pocketmon/results/our_agents_2026-08-06/lopunny_froslass_g0""},{}]"
our_dragapult_munkidori_g0,alakazam_5th,21270719,0,loss,1,170,5265.688,,,False,"[{""model_actions"":96,""fallback_actions"":0,""load_errors"":0,""inference_errors"":0,""illegal_model_actions"":0,""low_confidence_actions"":0,""illegal_fallback_actions"":0,""emergency_legal_actions"":0,""checkpoint"":""/homes/lzhang/pocketmon/results/our_agents_2026-08-06/dragapult_munkidori_g0/checkpoint.pt"",""checkpoint_exists"":true,""checkpoint_sha256"":""cf9631897196c825dd535ac91c73abf0fbef0f3dda812fbb7193629acf65527f"",""history_enabled"":false,""history_tokens"":0,""structured"":true,""deck_cards"":60,""confidence_threshold"":0.0,""last_confidence"":0.5337209105491638,""package_root"":""/homes/lzhang/pocketmon/results/our_agents_2026-08-06/dragapult_munkidori_g0""},{}]"
our_raging_bolt_g0,alakazam_5th,20270719,0,win,0,188,6288.253,,,False,"[{""model_actions"":109,""fallback_actions"":0,""load_errors"":0,""inference_errors"":0,""illegal_model_actions"":0,""low_confidence_actions"":0,""illegal_fallback_actions"":0,""emergency_legal_actions"":0,""checkpoint"":""/homes/lzhang/pocketmon/results/our_agents_2026-08-06/raging_bolt_g0/checkpoint.pt"",""checkpoint_exists"":true,""checkpoint_sha256"":""de0b7e36c94ec920466cc2eaa85d9dbd7d93f3fe049d56393450e40174854ce3"",""history_enabled"":false,""history_tokens"":0,""structured"":true,""deck_cards"":60,""confidence_threshold"":0.0,""last_confidence"":0.7752395868301392,""package_root"":""/homes/lzhang/pocketmon/results/our_agents_2026-08-06/raging_bolt_g0""},{}]"
our_lopunny_froslass_g0,simple_matchup,22370720,0,loss,1,136,5339.057,,,False,"[{""model_actions"":64,""fallback_actions"":0,""load_errors"":0,""inference_errors"":0,""illegal_model_actions"":0,""low_confidence_actions"":0,""illegal_fallback_actions"":0,""emergency_legal_actions"":0,""checkpoint"":""/homes/lzhang/pocketmon/results/our_agents_2026-08-06/lopunny_froslass_g0/checkpoint.pt"",""checkpoint_exists"":true,""checkpoint_sha256"":""ec9f85acd51ac2c8f2e0b3b7977dc33e818d3dde72e234ece85bc1ef9b2fe101"",""history_enabled"":false,""history_tokens"":0,""structured"":true,""deck_cards"":60,""confidence_threshold"":0.0,""last_confidence"":1.0,""package_root"":""/homes/lzhang/pocketmon/results/our_agents_2026-08-06/lopunny_froslass_g0""},{}]"
our_lopunny_froslass_g0,lucario_1084,22330720,0,win,0,124,4474.473,,,False,"[{""model_actions"":58,""fallback_actions"":0,""load_errors"":0,""inference_errors"":0,""illegal_model_actions"":0,""low_confidence_actions"":0,""illegal_fallback_actions"":0,""emergency_legal_actions"":0,""checkpoint"":""/homes/lzhang/pocketmon/results/our_agents_2026-08-06/lopunny_froslass_g0/checkpoint.pt"",""checkpoint_exists"":true,""checkpoint_sha256"":""ec9f85acd51ac2c8f2e0b3b7977dc33e818d3dde72e234ece85bc1ef9b2fe101"",""history_enabled"":false,""history_tokens"":0,""structured"":true,""deck_cards"":60,""confidence_threshold"":0.0,""last_confidence"":1.0,""package_root"":""/homes/lzhang/pocketmon/results/our_agents_2026-08-06/lopunny_froslass_g0""},{}]"
our_raging_bolt_g0,simple_matchup,20370719,0,loss,1,169,6207.362,,,False,"[{""model_actions"":95,""fallback_actions"":0,""load_errors"":0,""inference_errors"":0,""illegal_model_actions"":0,""low_confidence_actions"":0,""illegal_fallback_actions"":0,""emergency_legal_actions"":0,""checkpoint"":""/homes/lzhang/pocketmon/results/our_agents_2026-08-06/raging_bolt_g0/checkpoint.pt"",""checkpoint_exists"":true,""checkpoint_sha256"":""de0b7e36c94ec920466cc2eaa85d9dbd7d93f3fe049d56393450e40174854ce3"",""history_enabled"":false,""history_tokens"":0,""structured"":true,""deck_cards"":60,""confidence_threshold"":0.0,""last_confidence"":0.4847816824913025,""package_root"":""/homes/lzhang/pocketmon/results/our_agents_2026-08-06/raging_bolt_g0""},{}]"
our_raging_bolt_g0,iono,20310719,1,loss,0,128,3639.274,,,False,"[{},{""model_actions"":20,""fallback_actions"":0,""load_errors"":0,""inference_errors"":0,""illegal_model_actions"":0,""low_confidence_actions"":0,""illegal_fallback_actions"":0,""emergency_legal_actions"":0,""checkpoint"":""/homes/lzhang/pocketmon/results/our_agents_2026-08-06/raging_bolt_g0/checkpoint.pt"",""checkpoint_exists"":true,""checkpoint_sha256"":""de0b7e36c94ec920466cc2eaa85d9dbd7d93f3fe049d56393450e40174854ce3"",""history_enabled"":false,""history_tokens"":0,""structured"":true,""deck_cards"":60,""confidence_threshold"":0.0,""last_confidence"":1.0,""package_root"":""/homes/lzhang/pocketmon/results/our_agents_2026-08-06/raging_bolt_g0""}]"
our_dragapult_munkidori_g0,dragapult,21300719,0,loss,1,235,6269.239,,,False,"[{""model_actions"":113,""fallback_actions"":0,""load_errors"":0,""inference_errors"":0,""illegal_model_actions"":0,""low_confidence_actions"":0,""illegal_fallback_actions"":0,""emergency_legal_actions"":0,""checkpoint"":""/homes/lzhang/pocketmon/results/our_agents_2026-08-06/dragapult_munkidori_g0/checkpoint.pt"",""checkpoint_exists"":true,""checkpoint_sha256"":""cf9631897196c825dd535ac91c73abf0fbef0f3dda812fbb7193629acf65527f"",""history_enabled"":false,""history_tokens"":0,""structured"":true,""deck_cards"":60,""confidence_threshold"":0.0,""last_confidence"":0.6147202849388123,""package_root"":""/homes/lzhang/pocketmon/results/our_agents_2026-08-06/dragapult_munkidori_g0""},{}]"
our_raging_bolt_g0,simple_matchup,20370720,0,loss,1,107,3702.479,,,False,"[{""model_actions"":45,""fallback_actions"":0,""load_errors"":0,""inference_errors"":0,""illegal_model_actions"":0,""low_confidence_actions"":0,""illegal_fallback_actions"":0,""emergency_legal_actions"":0,""checkpoint"":""/homes/lzhang/pocketmon/results/our_agents_2026-08-06/raging_bolt_g0/checkpoint.pt"",""checkpoint_exists"":true,""checkpoint_sha256"":""de0b7e36c94ec920466cc2eaa85d9dbd7d93f3fe049d56393450e40174854ce3"",""history_enabled"":false,""history_tokens"":0,""structured"":true,""deck_cards"":60,""confidence_threshold"":0.0,""last_confidence"":1.0,""package_root"":""/homes/lzhang/pocketmon/results/our_agents_2026-08-06/raging_bolt_g0""},{}]"
our_dragapult_munkidori_g0,beam_search_940,21350719,0,loss,1,228,6617.786,,,False,"[{""model_actions"":149,""fallback_actions"":0,""load_errors"":0,""inference_errors"":0,""illegal_model_actions"":0,""low_confidence_actions"":0,""illegal_fallback_actions"":0,""emergency_legal_actions"":0,""checkpoint"":""/homes/lzhang/pocketmon/results/our_agents_2026-08-06/dragapult_munkidori_g0/checkpoint.pt"",""checkpoint_exists"":true,""checkpoint_sha256"":""cf9631897196c825dd535ac91c73abf0fbef0f3dda812fbb7193629acf65527f"",""history_enabled"":false,""history_tokens"":0,""structured"":true,""deck_cards"":60,""confidence_threshold"":0.0,""last_confidence"":0.7944398522377014,""package_root"":""/homes/lzhang/pocketmon/results/our_agents_2026-08-06/dragapult_munkidori_g0""},{}]"
our_dragapult_munkidori_g0,iono,21310720,0,loss,1,209,5275.604,,,False,"[{""model_actions"":81,""fallback_actions"":0,""load_errors"":0,""inference_errors"":0,""illegal_model_actions"":0,""low_confidence_actions"":0,""illegal_fallback_actions"":0,""emergency_legal_actions"":0,""checkpoint"":""/homes/lzhang/pocketmon/results/our_agents_2026-08-06/dragapult_munkidori_g0/checkpoint.pt"",""checkpoint_exists"":true,""checkpoint_sha256"":""cf9631897196c825dd535ac91c73abf0fbef0f3dda812fbb7193629acf65527f"",""history_enabled"":false,""history_tokens"":0,""structured"":true,""deck_cards"":60,""confidence_threshold"":0.0,""last_confidence"":1.0,""package_root"":""/homes/lzhang/pocketmon/results/our_agents_2026-08-06/dragapult_munkidori_g0""},{}]"
our_dragapult_munkidori_g0,lucario_1084,21330720,0,loss,1,124,4608.26,,,False,"[{""model_actions"":68,""fallback_actions"":0,""load_errors"":0,""inference_errors"":0,""illegal_model_actions"":0,""low_confidence_actions"":0,""illegal_fallback_actions"":0,""emergency_legal_actions"":0,""checkpoint"":""/homes/lzhang/pocketmon/results/our_agents_2026-08-06/dragapult_munkidori_g0/checkpoint.pt"",""checkpoint_exists"":true,""checkpoint_sha256"":""cf9631897196c825dd535ac91c73abf0fbef0f3dda812fbb7193629acf65527f"",""history_enabled"":false,""history_tokens"":0,""structured"":true,""deck_cards"":60,""confidence_threshold"":0.0,""last_confidence"":0.4735262393951416,""package_root"":""/homes/lzhang/pocketmon/results/our_agents_2026-08-06/dragapult_munkidori_g0""},{}]"
our_raging_bolt_g0,probabilistic,20340720,1,loss,0,83,4171.561,,,False,"[{},{""model_actions"":50,""fallback_actions"":0,""load_errors"":0,""inference_errors"":0,""illegal_model_actions"":0,""low_confidence_actions"":0,""illegal_fallback_actions"":0,""emergency_legal_actions"":0,""checkpoint"":""/homes/lzhang/pocketmon/results/our_agents_2026-08-06/raging_bolt_g0/checkpoint.pt"",""checkpoint_exists"":true,""checkpoint_sha256"":""de0b7e36c94ec920466cc2eaa85d9dbd7d93f3fe049d56393450e40174854ce3"",""history_enabled"":false,""history_tokens"":0,""structured"":true,""deck_cards"":60,""confidence_threshold"":0.0,""last_confidence"":0.5276932120323181,""package_root"":""/homes/lzhang/pocketmon/results/our_agents_2026-08-06/raging_bolt_g0""}]"
our_raging_bolt_g0,grim_hybrid_909,20360720,1,loss,0,189,6115.318,,,False,"[{},{""model_actions"":84,""fallback_actions"":0,""load_errors"":0,""inference_errors"":0,""illegal_model_actions"":0,""low_confidence_actions"":0,""illegal_fallback_actions"":0,""emergency_legal_actions"":0,""checkpoint"":""/homes/lzhang/pocketmon/results/our_agents_2026-08-06/raging_bolt_g0/checkpoint.pt"",""checkpoint_exists"":true,""checkpoint_sha256"":""de0b7e36c94ec920466cc2eaa85d9dbd7d93f3fe049d56393450e40174854ce3"",""history_enabled"":false,""history_tokens"":0,""structured"":true,""deck_cards"":60,""confidence_threshold"":0.0,""last_confidence"":0.4972638189792633,""package_root"":""/homes/lzhang/pocketmon/results/our_agents_2026-08-06/raging_bolt_g0""}]"
our_dragapult_munkidori_g0,lucario_sample,21320719,0,loss,1,188,7047.166,,,False,"[{""model_actions"":107,""fallback_actions"":0,""load_errors"":0,""inference_errors"":0,""illegal_model_actions"":0,""low_confidence_actions"":0,""illegal_fallback_actions"":0,""emergency_legal_actions"":0,""checkpoint"":""/homes/lzhang/pocketmon/results/our_agents_2026-08-06/dragapult_munkidori_g0/checkpoint.pt"",""checkpoint_exists"":true,""checkpoint_sha256"":""cf9631897196c825dd535ac91c73abf0fbef0f3dda812fbb7193629acf65527f"",""history_enabled"":false,""history_tokens"":0,""structured"":true,""deck_cards"":60,""confidence_threshold"":0.0,""last_confidence"":0.6854349970817566,""package_root"":""/homes/lzhang/pocketmon/results/our_agents_2026-08-06/dragapult_munkidori_g0""},{}]"
