learner,opponent,seed,learner_seat,result,winner_seat,decisions,latency_ms,memory_mb,failure,engine_seed_controlled,diagnostics_json
our_lopunny_froslass_g1,archaludon,20300720,1,loss,0,112,6461.669,,,False,"[{},{""model_actions"":57,""fallback_actions"":0,""load_errors"":0,""inference_errors"":0,""illegal_model_actions"":0,""low_confidence_actions"":0,""illegal_fallback_actions"":0,""emergency_legal_actions"":0,""checkpoint"":""/homes/lzhang/pocketmon/results/our_agents_2026-08-06/lopunny_froslass_g1/checkpoint.pt"",""checkpoint_exists"":true,""checkpoint_sha256"":""f74ff7dab2544b853ae087e867893ba8a49f3b018e2c2e691ea118d6dbf0b0ca"",""history_enabled"":false,""history_tokens"":0,""structured"":true,""deck_cards"":60,""confidence_threshold"":0.0,""last_confidence"":0.7637525796890259,""package_root"":""/homes/lzhang/pocketmon/results/our_agents_2026-08-06/lopunny_froslass_g1""}]"
our_lopunny_froslass_g1,alakazam_5th,20290719,1,loss,0,115,2793.532,,,False,"[{},{""model_actions"":52,""fallback_actions"":0,""load_errors"":0,""inference_errors"":0,""illegal_model_actions"":0,""low_confidence_actions"":0,""illegal_fallback_actions"":0,""emergency_legal_actions"":0,""checkpoint"":""/homes/lzhang/pocketmon/results/our_agents_2026-08-06/lopunny_froslass_g1/checkpoint.pt"",""checkpoint_exists"":true,""checkpoint_sha256"":""f74ff7dab2544b853ae087e867893ba8a49f3b018e2c2e691ea118d6dbf0b0ca"",""history_enabled"":false,""history_tokens"":0,""structured"":true,""deck_cards"":60,""confidence_threshold"":0.0,""last_confidence"":0.8121487498283386,""package_root"":""/homes/lzhang/pocketmon/results/our_agents_2026-08-06/lopunny_froslass_g1""}]"
our_lopunny_froslass_g1,roman_recent_885,20400720,1,loss,0,114,5532.605,,,False,"[{},{""model_actions"":43,""fallback_actions"":0,""load_errors"":0,""inference_errors"":0,""illegal_model_actions"":0,""low_confidence_actions"":0,""illegal_fallback_actions"":0,""emergency_legal_actions"":0,""checkpoint"":""/homes/lzhang/pocketmon/results/our_agents_2026-08-06/lopunny_froslass_g1/checkpoint.pt"",""checkpoint_exists"":true,""checkpoint_sha256"":""f74ff7dab2544b853ae087e867893ba8a49f3b018e2c2e691ea118d6dbf0b0ca"",""history_enabled"":false,""history_tokens"":0,""structured"":true,""deck_cards"":60,""confidence_threshold"":0.0,""last_confidence"":1.0,""package_root"":""/homes/lzhang/pocketmon/results/our_agents_2026-08-06/lopunny_froslass_g1""}]"
our_dragapult_munkidori_g1,dragapult,21320720,1,loss,0,40,2060.06,,,False,"[{},{""model_actions"":14,""fallback_actions"":0,""load_errors"":0,""inference_errors"":0,""illegal_model_actions"":0,""low_confidence_actions"":0,""illegal_fallback_actions"":0,""emergency_legal_actions"":0,""checkpoint"":""/homes/lzhang/pocketmon/results/our_agents_2026-08-06/dragapult_munkidori_g1/checkpoint.pt"",""checkpoint_exists"":true,""checkpoint_sha256"":""8ce5cd8c0fd63ae46a31fd6e0981a252874789d9a3626563c779e95ef6884bf7"",""history_enabled"":false,""history_tokens"":0,""structured"":true,""deck_cards"":60,""confidence_threshold"":0.0,""last_confidence"":0.7653400301933289,""package_root"":""/homes/lzhang/pocketmon/results/our_agents_2026-08-06/dragapult_munkidori_g1""}]"
our_dragapult_munkidori_g1,probabilistic,21360719,0,loss,1,218,2990.033,,,False,"[{""model_actions"":129,""fallback_actions"":0,""load_errors"":0,""inference_errors"":0,""illegal_model_actions"":0,""low_confidence_actions"":0,""illegal_fallback_actions"":0,""emergency_legal_actions"":0,""checkpoint"":""/homes/lzhang/pocketmon/results/our_agents_2026-08-06/dragapult_munkidori_g1/checkpoint.pt"",""checkpoint_exists"":true,""checkpoint_sha256"":""8ce5cd8c0fd63ae46a31fd6e0981a252874789d9a3626563c779e95ef6884bf7"",""history_enabled"":false,""history_tokens"":0,""structured"":true,""deck_cards"":60,""confidence_threshold"":0.0,""last_confidence"":0.7534566521644592,""package_root"":""/homes/lzhang/pocketmon/results/our_agents_2026-08-06/dragapult_munkidori_g1""},{}]"
our_lopunny_froslass_g1,iono,20330719,0,win,0,43,2326.483,,,False,"[{""model_actions"":37,""fallback_actions"":0,""load_errors"":0,""inference_errors"":0,""illegal_model_actions"":0,""low_confidence_actions"":0,""illegal_fallback_actions"":0,""emergency_legal_actions"":0,""checkpoint"":""/homes/lzhang/pocketmon/results/our_agents_2026-08-06/lopunny_froslass_g1/checkpoint.pt"",""checkpoint_exists"":true,""checkpoint_sha256"":""f74ff7dab2544b853ae087e867893ba8a49f3b018e2c2e691ea118d6dbf0b0ca"",""history_enabled"":false,""history_tokens"":0,""structured"":true,""deck_cards"":60,""confidence_threshold"":0.0,""last_confidence"":0.8059139847755432,""package_root"":""/homes/lzhang/pocketmon/results/our_agents_2026-08-06/lopunny_froslass_g1""},{}]"
our_lopunny_froslass_g1,grim_hybrid_909,20380720,1,loss,0,231,5337.543,,,False,"[{},{""model_actions"":119,""fallback_actions"":0,""load_errors"":0,""inference_errors"":0,""illegal_model_actions"":0,""low_confidence_actions"":0,""illegal_fallback_actions"":0,""emergency_legal_actions"":0,""checkpoint"":""/homes/lzhang/pocketmon/results/our_agents_2026-08-06/lopunny_froslass_g1/checkpoint.pt"",""checkpoint_exists"":true,""checkpoint_sha256"":""f74ff7dab2544b853ae087e867893ba8a49f3b018e2c2e691ea118d6dbf0b0ca"",""history_enabled"":false,""history_tokens"":0,""structured"":true,""deck_cards"":60,""confidence_threshold"":0.0,""last_confidence"":1.0,""package_root"":""/homes/lzhang/pocketmon/results/our_agents_2026-08-06/lopunny_froslass_g1""}]"
our_dragapult_munkidori_g1,probabilistic,21360720,1,loss,0,204,2823.554,,,False,"[{},{""model_actions"":113,""fallback_actions"":0,""load_errors"":0,""inference_errors"":0,""illegal_model_actions"":0,""low_confidence_actions"":0,""illegal_fallback_actions"":0,""emergency_legal_actions"":0,""checkpoint"":""/homes/lzhang/pocketmon/results/our_agents_2026-08-06/dragapult_munkidori_g1/checkpoint.pt"",""checkpoint_exists"":true,""checkpoint_sha256"":""8ce5cd8c0fd63ae46a31fd6e0981a252874789d9a3626563c779e95ef6884bf7"",""history_enabled"":false,""history_tokens"":0,""structured"":true,""deck_cards"":60,""confidence_threshold"":0.0,""last_confidence"":0.6787633299827576,""package_root"":""/homes/lzhang/pocketmon/results/our_agents_2026-08-06/dragapult_munkidori_g1""}]"
our_lopunny_froslass_g1,parent_dragapult_g0,20270720,0,win,0,198,3019.245,,,False,"[{""model_actions"":78,""fallback_actions"":0,""load_errors"":0,""inference_errors"":0,""illegal_model_actions"":0,""low_confidence_actions"":0,""illegal_fallback_actions"":0,""emergency_legal_actions"":0,""checkpoint"":""/homes/lzhang/pocketmon/results/our_agents_2026-08-06/lopunny_froslass_g1/checkpoint.pt"",""checkpoint_exists"":true,""checkpoint_sha256"":""f74ff7dab2544b853ae087e867893ba8a49f3b018e2c2e691ea118d6dbf0b0ca"",""history_enabled"":false,""history_tokens"":0,""structured"":true,""deck_cards"":60,""confidence_threshold"":0.0,""last_confidence"":0.18823300302028656,""package_root"":""/homes/lzhang/pocketmon/results/our_agents_2026-08-06/lopunny_froslass_g1""},{""model_actions"":120,""fallback_actions"":0,""load_errors"":0,""inference_errors"":0,""illegal_model_actions"":0,""low_confidence_actions"":0,""illegal_fallback_actions"":0,""emergency_legal_actions"":0,""checkpoint"":""/homes/lzhang/pocketmon/results/our_agents_2026-08-06/dragapult_munkidori_g0/checkpoint.pt"",""checkpoint_exists"":true,""checkpoint_sha256"":""cf9631897196c825dd535ac91c73abf0fbef0f3dda812fbb7193629acf65527f"",""history_enabled"":false,""history_tokens"":0,""structured"":true,""deck_cards"":60,""confidence_threshold"":0.0,""last_confidence"":1.0,""package_root"":""/homes/lzhang/pocketmon/results/our_agents_2026-08-06/dragapult_munkidori_g0""}]"
our_dragapult_munkidori_g1,simple_matchup,21390720,0,loss,1,234,2457.533,,,False,"[{""model_actions"":151,""fallback_actions"":0,""load_errors"":0,""inference_errors"":0,""illegal_model_actions"":0,""low_confidence_actions"":0,""illegal_fallback_actions"":0,""emergency_legal_actions"":0,""checkpoint"":""/homes/lzhang/pocketmon/results/our_agents_2026-08-06/dragapult_munkidori_g1/checkpoint.pt"",""checkpoint_exists"":true,""checkpoint_sha256"":""8ce5cd8c0fd63ae46a31fd6e0981a252874789d9a3626563c779e95ef6884bf7"",""history_enabled"":false,""history_tokens"":0,""structured"":true,""deck_cards"":60,""confidence_threshold"":0.0,""last_confidence"":0.9819155931472778,""package_root"":""/homes/lzhang/pocketmon/results/our_agents_2026-08-06/dragapult_munkidori_g1""},{}]"
our_dragapult_munkidori_g1,roman_recent_885,21400720,1,loss,0,149,6231.583,,,False,"[{},{""model_actions"":79,""fallback_actions"":0,""load_errors"":0,""inference_errors"":0,""illegal_model_actions"":0,""low_confidence_actions"":0,""illegal_fallback_actions"":0,""emergency_legal_actions"":0,""checkpoint"":""/homes/lzhang/pocketmon/results/our_agents_2026-08-06/dragapult_munkidori_g1/checkpoint.pt"",""checkpoint_exists"":true,""checkpoint_sha256"":""8ce5cd8c0fd63ae46a31fd6e0981a252874789d9a3626563c779e95ef6884bf7"",""history_enabled"":false,""history_tokens"":0,""structured"":true,""deck_cards"":60,""confidence_threshold"":0.0,""last_confidence"":0.4087628424167633,""package_root"":""/homes/lzhang/pocketmon/results/our_agents_2026-08-06/dragapult_munkidori_g1""}]"
our_lopunny_froslass_g1,official_random,20280719,1,win,1,37,2072.932,,,False,"[{},{""model_actions"":26,""fallback_actions"":0,""load_errors"":0,""inference_errors"":0,""illegal_model_actions"":0,""low_confidence_actions"":0,""illegal_fallback_actions"":0,""emergency_legal_actions"":0,""checkpoint"":""/homes/lzhang/pocketmon/results/our_agents_2026-08-06/lopunny_froslass_g1/checkpoint.pt"",""checkpoint_exists"":true,""checkpoint_sha256"":""f74ff7dab2544b853ae087e867893ba8a49f3b018e2c2e691ea118d6dbf0b0ca"",""history_enabled"":false,""history_tokens"":0,""structured"":true,""deck_cards"":60,""confidence_threshold"":0.0,""last_confidence"":0.7856257557868958,""package_root"":""/homes/lzhang/pocketmon/results/our_agents_2026-08-06/lopunny_froslass_g1""}]"
our_dragapult_munkidori_g1,beam_search_940,21370719,0,loss,1,207,3825.82,,,False,"[{""model_actions"":134,""fallback_actions"":0,""load_errors"":0,""inference_errors"":0,""illegal_model_actions"":0,""low_confidence_actions"":0,""illegal_fallback_actions"":0,""emergency_legal_actions"":0,""checkpoint"":""/homes/lzhang/pocketmon/results/our_agents_2026-08-06/dragapult_munkidori_g1/checkpoint.pt"",""checkpoint_exists"":true,""checkpoint_sha256"":""8ce5cd8c0fd63ae46a31fd6e0981a252874789d9a3626563c779e95ef6884bf7"",""history_enabled"":false,""history_tokens"":0,""structured"":true,""deck_cards"":60,""confidence_threshold"":0.0,""last_confidence"":0.8862666487693787,""package_root"":""/homes/lzhang/pocketmon/results/our_agents_2026-08-06/dragapult_munkidori_g1""},{}]"
our_dragapult_munkidori_g1,parent_lopunny_g0,21260720,0,loss,1,221,2672.588,,,False,"[{""model_actions"":104,""fallback_actions"":0,""load_errors"":0,""inference_errors"":0,""illegal_model_actions"":0,""low_confidence_actions"":0,""illegal_fallback_actions"":0,""emergency_legal_actions"":0,""checkpoint"":""/homes/lzhang/pocketmon/results/our_agents_2026-08-06/dragapult_munkidori_g1/checkpoint.pt"",""checkpoint_exists"":true,""checkpoint_sha256"":""8ce5cd8c0fd63ae46a31fd6e0981a252874789d9a3626563c779e95ef6884bf7"",""history_enabled"":false,""history_tokens"":0,""structured"":true,""deck_cards"":60,""confidence_threshold"":0.0,""last_confidence"":0.313230961561203,""package_root"":""/homes/lzhang/pocketmon/results/our_agents_2026-08-06/dragapult_munkidori_g1""},{""model_actions"":117,""fallback_actions"":0,""load_errors"":0,""inference_errors"":0,""illegal_model_actions"":0,""low_confidence_actions"":0,""illegal_fallback_actions"":0,""emergency_legal_actions"":0,""checkpoint"":""/homes/lzhang/pocketmon/results/our_agents_2026-08-06/lopunny_froslass_g0/checkpoint.pt"",""checkpoint_exists"":true,""checkpoint_sha256"":""ec9f85acd51ac2c8f2e0b3b7977dc33e818d3dde72e234ece85bc1ef9b2fe101"",""history_enabled"":false,""history_tokens"":0,""structured"":true,""deck_cards"":60,""confidence_threshold"":0.0,""last_confidence"":0.7619336843490601,""package_root"":""/homes/lzhang/pocketmon/results/our_agents_2026-08-06/lopunny_froslass_g0""}]"
our_dragapult_munkidori_g1,lucario_sample,21340720,1,win,1,170,2479.513,,,False,"[{},{""model_actions"":88,""fallback_actions"":0,""load_errors"":0,""inference_errors"":0,""illegal_model_actions"":0,""low_confidence_actions"":0,""illegal_fallback_actions"":0,""emergency_legal_actions"":0,""checkpoint"":""/homes/lzhang/pocketmon/results/our_agents_2026-08-06/dragapult_munkidori_g1/checkpoint.pt"",""checkpoint_exists"":true,""checkpoint_sha256"":""8ce5cd8c0fd63ae46a31fd6e0981a252874789d9a3626563c779e95ef6884bf7"",""history_enabled"":false,""history_tokens"":0,""structured"":true,""deck_cards"":60,""confidence_threshold"":0.0,""last_confidence"":0.7668372392654419,""package_root"":""/homes/lzhang/pocketmon/results/our_agents_2026-08-06/dragapult_munkidori_g1""}]"
our_dragapult_munkidori_g1,alakazam_5th,21290720,0,win,0,207,2462.612,,,False,"[{""model_actions"":125,""fallback_actions"":0,""load_errors"":0,""inference_errors"":0,""illegal_model_actions"":0,""low_confidence_actions"":0,""illegal_fallback_actions"":0,""emergency_legal_actions"":0,""checkpoint"":""/homes/lzhang/pocketmon/results/our_agents_2026-08-06/dragapult_munkidori_g1/checkpoint.pt"",""checkpoint_exists"":true,""checkpoint_sha256"":""8ce5cd8c0fd63ae46a31fd6e0981a252874789d9a3626563c779e95ef6884bf7"",""history_enabled"":false,""history_tokens"":0,""structured"":true,""deck_cards"":60,""confidence_threshold"":0.0,""last_confidence"":1.0,""package_root"":""/homes/lzhang/pocketmon/results/our_agents_2026-08-06/dragapult_munkidori_g1""},{}]"
our_dragapult_munkidori_g1,parent_dragapult_g0,21270720,0,win,0,309,3009.607,,,False,"[{""model_actions"":129,""fallback_actions"":0,""load_errors"":0,""inference_errors"":0,""illegal_model_actions"":0,""low_confidence_actions"":0,""illegal_fallback_actions"":0,""emergency_legal_actions"":0,""checkpoint"":""/homes/lzhang/pocketmon/results/our_agents_2026-08-06/dragapult_munkidori_g1/checkpoint.pt"",""checkpoint_exists"":true,""checkpoint_sha256"":""8ce5cd8c0fd63ae46a31fd6e0981a252874789d9a3626563c779e95ef6884bf7"",""history_enabled"":false,""history_tokens"":0,""structured"":true,""deck_cards"":60,""confidence_threshold"":0.0,""last_confidence"":0.6490882039070129,""package_root"":""/homes/lzhang/pocketmon/results/our_agents_2026-08-06/dragapult_munkidori_g1""},{""model_actions"":180,""fallback_actions"":0,""load_errors"":0,""inference_errors"":0,""illegal_model_actions"":0,""low_confidence_actions"":0,""illegal_fallback_actions"":0,""emergency_legal_actions"":0,""checkpoint"":""/homes/lzhang/pocketmon/results/our_agents_2026-08-06/dragapult_munkidori_g0/checkpoint.pt"",""checkpoint_exists"":true,""checkpoint_sha256"":""cf9631897196c825dd535ac91c73abf0fbef0f3dda812fbb7193629acf65527f"",""history_enabled"":false,""history_tokens"":0,""structured"":true,""deck_cards"":60,""confidence_threshold"":0.0,""last_confidence"":1.0,""package_root"":""/homes/lzhang/pocketmon/results/our_agents_2026-08-06/dragapult_munkidori_g0""}]"
our_lopunny_froslass_g1,simple_matchup,20390719,0,loss,1,131,3259.407,,,False,"[{""model_actions"":72,""fallback_actions"":0,""load_errors"":0,""inference_errors"":0,""illegal_model_actions"":0,""low_confidence_actions"":0,""illegal_fallback_actions"":0,""emergency_legal_actions"":0,""checkpoint"":""/homes/lzhang/pocketmon/results/our_agents_2026-08-06/lopunny_froslass_g1/checkpoint.pt"",""checkpoint_exists"":true,""checkpoint_sha256"":""f74ff7dab2544b853ae087e867893ba8a49f3b018e2c2e691ea118d6dbf0b0ca"",""history_enabled"":false,""history_tokens"":0,""structured"":true,""deck_cards"":60,""confidence_threshold"":0.0,""last_confidence"":0.8677120804786682,""package_root"":""/homes/lzhang/pocketmon/results/our_agents_2026-08-06/lopunny_froslass_g1""},{}]"
our_dragapult_munkidori_g1,grim_hybrid_909,21380719,1,loss,0,212,3451.576,,,False,"[{},{""model_actions"":140,""fallback_actions"":0,""load_errors"":0,""inference_errors"":0,""illegal_model_actions"":0,""low_confidence_actions"":0,""illegal_fallback_actions"":0,""emergency_legal_actions"":0,""checkpoint"":""/homes/lzhang/pocketmon/results/our_agents_2026-08-06/dragapult_munkidori_g1/checkpoint.pt"",""checkpoint_exists"":true,""checkpoint_sha256"":""8ce5cd8c0fd63ae46a31fd6e0981a252874789d9a3626563c779e95ef6884bf7"",""history_enabled"":false,""history_tokens"":0,""structured"":true,""deck_cards"":60,""confidence_threshold"":0.0,""last_confidence"":0.8412878513336182,""package_root"":""/homes/lzhang/pocketmon/results/our_agents_2026-08-06/dragapult_munkidori_g1""}]"
our_lopunny_froslass_g1,archaludon,20300719,0,loss,1,169,3509.731,,,False,"[{""model_actions"":94,""fallback_actions"":0,""load_errors"":0,""inference_errors"":0,""illegal_model_actions"":0,""low_confidence_actions"":0,""illegal_fallback_actions"":0,""emergency_legal_actions"":0,""checkpoint"":""/homes/lzhang/pocketmon/results/our_agents_2026-08-06/lopunny_froslass_g1/checkpoint.pt"",""checkpoint_exists"":true,""checkpoint_sha256"":""f74ff7dab2544b853ae087e867893ba8a49f3b018e2c2e691ea118d6dbf0b0ca"",""history_enabled"":false,""history_tokens"":0,""structured"":true,""deck_cards"":60,""confidence_threshold"":0.0,""last_confidence"":0.8622545599937439,""package_root"":""/homes/lzhang/pocketmon/results/our_agents_2026-08-06/lopunny_froslass_g1""},{}]"
our_lopunny_froslass_g1,parent_lopunny_g0,20260720,1,win,1,144,3406.177,,,False,"[{""model_actions"":62,""fallback_actions"":0,""load_errors"":0,""inference_errors"":0,""illegal_model_actions"":0,""low_confidence_actions"":0,""illegal_fallback_actions"":0,""emergency_legal_actions"":0,""checkpoint"":""/homes/lzhang/pocketmon/results/our_agents_2026-08-06/lopunny_froslass_g0/checkpoint.pt"",""checkpoint_exists"":true,""checkpoint_sha256"":""ec9f85acd51ac2c8f2e0b3b7977dc33e818d3dde72e234ece85bc1ef9b2fe101"",""history_enabled"":false,""history_tokens"":0,""structured"":true,""deck_cards"":60,""confidence_threshold"":0.0,""last_confidence"":0.5053814053535461,""package_root"":""/homes/lzhang/pocketmon/results/our_agents_2026-08-06/lopunny_froslass_g0""},{""model_actions"":82,""fallback_actions"":0,""load_errors"":0,""inference_errors"":0,""illegal_model_actions"":0,""low_confidence_actions"":0,""illegal_fallback_actions"":0,""emergency_legal_actions"":0,""checkpoint"":""/homes/lzhang/pocketmon/results/our_agents_2026-08-06/lopunny_froslass_g1/checkpoint.pt"",""checkpoint_exists"":true,""checkpoint_sha256"":""f74ff7dab2544b853ae087e867893ba8a49f3b018e2c2e691ea118d6dbf0b0ca"",""history_enabled"":false,""history_tokens"":0,""structured"":true,""deck_cards"":60,""confidence_threshold"":0.0,""last_confidence"":0.8615132570266724,""package_root"":""/homes/lzhang/pocketmon/results/our_agents_2026-08-06/lopunny_froslass_g1""}]"
our_lopunny_froslass_g1,iono,20330720,0,loss,1,242,4020.907,,,False,"[{""model_actions"":108,""fallback_actions"":0,""load_errors"":0,""inference_errors"":0,""illegal_model_actions"":0,""low_confidence_actions"":0,""illegal_fallback_actions"":0,""emergency_legal_actions"":0,""checkpoint"":""/homes/lzhang/pocketmon/results/our_agents_2026-08-06/lopunny_froslass_g1/checkpoint.pt"",""checkpoint_exists"":true,""checkpoint_sha256"":""f74ff7dab2544b853ae087e867893ba8a49f3b018e2c2e691ea118d6dbf0b0ca"",""history_enabled"":false,""history_tokens"":0,""structured"":true,""deck_cards"":60,""confidence_threshold"":0.0,""last_confidence"":0.8182739019393921,""package_root"":""/homes/lzhang/pocketmon/results/our_agents_2026-08-06/lopunny_froslass_g1""},{}]"
our_lopunny_froslass_g1,official_random,20280719,0,win,0,45,2682.722,,,False,"[{""model_actions"":38,""fallback_actions"":0,""load_errors"":0,""inference_errors"":0,""illegal_model_actions"":0,""low_confidence_actions"":0,""illegal_fallback_actions"":0,""emergency_legal_actions"":0,""checkpoint"":""/homes/lzhang/pocketmon/results/our_agents_2026-08-06/lopunny_froslass_g1/checkpoint.pt"",""checkpoint_exists"":true,""checkpoint_sha256"":""f74ff7dab2544b853ae087e867893ba8a49f3b018e2c2e691ea118d6dbf0b0ca"",""history_enabled"":false,""history_tokens"":0,""structured"":true,""deck_cards"":60,""confidence_threshold"":0.0,""last_confidence"":0.7840583324432373,""package_root"":""/homes/lzhang/pocketmon/results/our_agents_2026-08-06/lopunny_froslass_g1""},{}]"
our_dragapult_munkidori_g1,archaludon,21300719,0,loss,1,153,2596.131,,,False,"[{""model_actions"":95,""fallback_actions"":0,""load_errors"":0,""inference_errors"":0,""illegal_model_actions"":0,""low_confidence_actions"":0,""illegal_fallback_actions"":0,""emergency_legal_actions"":0,""checkpoint"":""/homes/lzhang/pocketmon/results/our_agents_2026-08-06/dragapult_munkidori_g1/checkpoint.pt"",""checkpoint_exists"":true,""checkpoint_sha256"":""8ce5cd8c0fd63ae46a31fd6e0981a252874789d9a3626563c779e95ef6884bf7"",""history_enabled"":false,""history_tokens"":0,""structured"":true,""deck_cards"":60,""confidence_threshold"":0.0,""last_confidence"":1.0,""package_root"":""/homes/lzhang/pocketmon/results/our_agents_2026-08-06/dragapult_munkidori_g1""},{}]"
our_dragapult_munkidori_g1,grim_hybrid_909,21380720,1,loss,0,135,3758.587,,,False,"[{},{""model_actions"":74,""fallback_actions"":0,""load_errors"":0,""inference_errors"":0,""illegal_model_actions"":0,""low_confidence_actions"":0,""illegal_fallback_actions"":0,""emergency_legal_actions"":0,""checkpoint"":""/homes/lzhang/pocketmon/results/our_agents_2026-08-06/dragapult_munkidori_g1/checkpoint.pt"",""checkpoint_exists"":true,""checkpoint_sha256"":""8ce5cd8c0fd63ae46a31fd6e0981a252874789d9a3626563c779e95ef6884bf7"",""history_enabled"":false,""history_tokens"":0,""structured"":true,""deck_cards"":60,""confidence_threshold"":0.0,""last_confidence"":1.0,""package_root"":""/homes/lzhang/pocketmon/results/our_agents_2026-08-06/dragapult_munkidori_g1""}]"
our_dragapult_munkidori_g1,alakazam_5th,21290719,1,win,1,208,3473.495,,,False,"[{},{""model_actions"":140,""fallback_actions"":0,""load_errors"":0,""inference_errors"":0,""illegal_model_actions"":0,""low_confidence_actions"":0,""illegal_fallback_actions"":0,""emergency_legal_actions"":0,""checkpoint"":""/homes/lzhang/pocketmon/results/our_agents_2026-08-06/dragapult_munkidori_g1/checkpoint.pt"",""checkpoint_exists"":true,""checkpoint_sha256"":""8ce5cd8c0fd63ae46a31fd6e0981a252874789d9a3626563c779e95ef6884bf7"",""history_enabled"":false,""history_tokens"":0,""structured"":true,""deck_cards"":60,""confidence_threshold"":0.0,""last_confidence"":1.0,""package_root"":""/homes/lzhang/pocketmon/results/our_agents_2026-08-06/dragapult_munkidori_g1""}]"
our_dragapult_munkidori_g1,beam_search_940,21370719,1,win,1,182,2644.712,,,False,"[{},{""model_actions"":111,""fallback_actions"":0,""load_errors"":0,""inference_errors"":0,""illegal_model_actions"":0,""low_confidence_actions"":0,""illegal_fallback_actions"":0,""emergency_legal_actions"":0,""checkpoint"":""/homes/lzhang/pocketmon/results/our_agents_2026-08-06/dragapult_munkidori_g1/checkpoint.pt"",""checkpoint_exists"":true,""checkpoint_sha256"":""8ce5cd8c0fd63ae46a31fd6e0981a252874789d9a3626563c779e95ef6884bf7"",""history_enabled"":false,""history_tokens"":0,""structured"":true,""deck_cards"":60,""confidence_threshold"":0.0,""last_confidence"":1.0,""package_root"":""/homes/lzhang/pocketmon/results/our_agents_2026-08-06/dragapult_munkidori_g1""}]"
our_lopunny_froslass_g1,parent_lopunny_g0,20260719,1,loss,0,233,2584.233,,,False,"[{""model_actions"":120,""fallback_actions"":0,""load_errors"":0,""inference_errors"":0,""illegal_model_actions"":0,""low_confidence_actions"":0,""illegal_fallback_actions"":0,""emergency_legal_actions"":0,""checkpoint"":""/homes/lzhang/pocketmon/results/our_agents_2026-08-06/lopunny_froslass_g0/checkpoint.pt"",""checkpoint_exists"":true,""checkpoint_sha256"":""ec9f85acd51ac2c8f2e0b3b7977dc33e818d3dde72e234ece85bc1ef9b2fe101"",""history_enabled"":false,""history_tokens"":0,""structured"":true,""deck_cards"":60,""confidence_threshold"":0.0,""last_confidence"":0.7939611673355103,""package_root"":""/homes/lzhang/pocketmon/results/our_agents_2026-08-06/lopunny_froslass_g0""},{""model_actions"":113,""fallback_actions"":0,""load_errors"":0,""inference_errors"":0,""illegal_model_actions"":0,""low_confidence_actions"":0,""illegal_fallback_actions"":0,""emergency_legal_actions"":0,""checkpoint"":""/homes/lzhang/pocketmon/results/our_agents_2026-08-06/lopunny_froslass_g1/checkpoint.pt"",""checkpoint_exists"":true,""checkpoint_sha256"":""f74ff7dab2544b853ae087e867893ba8a49f3b018e2c2e691ea118d6dbf0b0ca"",""history_enabled"":false,""history_tokens"":0,""structured"":true,""deck_cards"":60,""confidence_threshold"":0.0,""last_confidence"":0.32902389764785767,""package_root"":""/homes/lzhang/pocketmon/results/our_agents_2026-08-06/lopunny_froslass_g1""}]"
our_dragapult_munkidori_g1,roman_recent_885,21400719,1,loss,0,234,10911.258,,,False,"[{},{""model_actions"":125,""fallback_actions"":0,""load_errors"":0,""inference_errors"":0,""illegal_model_actions"":0,""low_confidence_actions"":0,""illegal_fallback_actions"":0,""emergency_legal_actions"":0,""checkpoint"":""/homes/lzhang/pocketmon/results/our_agents_2026-08-06/dragapult_munkidori_g1/checkpoint.pt"",""checkpoint_exists"":true,""checkpoint_sha256"":""8ce5cd8c0fd63ae46a31fd6e0981a252874789d9a3626563c779e95ef6884bf7"",""history_enabled"":false,""history_tokens"":0,""structured"":true,""deck_cards"":60,""confidence_threshold"":0.0,""last_confidence"":0.40607336163520813,""package_root"":""/homes/lzhang/pocketmon/results/our_agents_2026-08-06/dragapult_munkidori_g1""}]"
our_lopunny_froslass_g1,simple_matchup,20390720,0,loss,1,125,2730.559,,,False,"[{""model_actions"":46,""fallback_actions"":0,""load_errors"":0,""inference_errors"":0,""illegal_model_actions"":0,""low_confidence_actions"":0,""illegal_fallback_actions"":0,""emergency_legal_actions"":0,""checkpoint"":""/homes/lzhang/pocketmon/results/our_agents_2026-08-06/lopunny_froslass_g1/checkpoint.pt"",""checkpoint_exists"":true,""checkpoint_sha256"":""f74ff7dab2544b853ae087e867893ba8a49f3b018e2c2e691ea118d6dbf0b0ca"",""history_enabled"":false,""history_tokens"":0,""structured"":true,""deck_cards"":60,""confidence_threshold"":0.0,""last_confidence"":1.0,""package_root"":""/homes/lzhang/pocketmon/results/our_agents_2026-08-06/lopunny_froslass_g1""},{}]"
our_dragapult_munkidori_g1,iono,21330719,0,loss,1,260,2867.267,,,False,"[{""model_actions"":93,""fallback_actions"":0,""load_errors"":0,""inference_errors"":0,""illegal_model_actions"":0,""low_confidence_actions"":0,""illegal_fallback_actions"":0,""emergency_legal_actions"":0,""checkpoint"":""/homes/lzhang/pocketmon/results/our_agents_2026-08-06/dragapult_munkidori_g1/checkpoint.pt"",""checkpoint_exists"":true,""checkpoint_sha256"":""8ce5cd8c0fd63ae46a31fd6e0981a252874789d9a3626563c779e95ef6884bf7"",""history_enabled"":false,""history_tokens"":0,""structured"":true,""deck_cards"":60,""confidence_threshold"":0.0,""last_confidence"":0.2495516538619995,""package_root"":""/homes/lzhang/pocketmon/results/our_agents_2026-08-06/dragapult_munkidori_g1""},{}]"
our_lopunny_froslass_g1,lucario_sample,20340719,1,win,1,171,3600.066,,,False,"[{},{""model_actions"":88,""fallback_actions"":0,""load_errors"":0,""inference_errors"":0,""illegal_model_actions"":0,""low_confidence_actions"":0,""illegal_fallback_actions"":0,""emergency_legal_actions"":0,""checkpoint"":""/homes/lzhang/pocketmon/results/our_agents_2026-08-06/lopunny_froslass_g1/checkpoint.pt"",""checkpoint_exists"":true,""checkpoint_sha256"":""f74ff7dab2544b853ae087e867893ba8a49f3b018e2c2e691ea118d6dbf0b0ca"",""history_enabled"":false,""history_tokens"":0,""structured"":true,""deck_cards"":60,""confidence_threshold"":0.0,""last_confidence"":1.0,""package_root"":""/homes/lzhang/pocketmon/results/our_agents_2026-08-06/lopunny_froslass_g1""}]"
our_dragapult_munkidori_g1,lucario_1084,21350719,1,loss,0,167,2597.289,,,False,"[{},{""model_actions"":84,""fallback_actions"":0,""load_errors"":0,""inference_errors"":0,""illegal_model_actions"":0,""low_confidence_actions"":0,""illegal_fallback_actions"":0,""emergency_legal_actions"":0,""checkpoint"":""/homes/lzhang/pocketmon/results/our_agents_2026-08-06/dragapult_munkidori_g1/checkpoint.pt"",""checkpoint_exists"":true,""checkpoint_sha256"":""8ce5cd8c0fd63ae46a31fd6e0981a252874789d9a3626563c779e95ef6884bf7"",""history_enabled"":false,""history_tokens"":0,""structured"":true,""deck_cards"":60,""confidence_threshold"":0.0,""last_confidence"":1.0,""package_root"":""/homes/lzhang/pocketmon/results/our_agents_2026-08-06/dragapult_munkidori_g1""}]"
our_lopunny_froslass_g1,library_out_1208,20310720,1,loss,0,145,4542.267,,,False,"[{},{""model_actions"":86,""fallback_actions"":0,""load_errors"":0,""inference_errors"":0,""illegal_model_actions"":0,""low_confidence_actions"":0,""illegal_fallback_actions"":0,""emergency_legal_actions"":0,""checkpoint"":""/homes/lzhang/pocketmon/results/our_agents_2026-08-06/lopunny_froslass_g1/checkpoint.pt"",""checkpoint_exists"":true,""checkpoint_sha256"":""f74ff7dab2544b853ae087e867893ba8a49f3b018e2c2e691ea118d6dbf0b0ca"",""history_enabled"":false,""history_tokens"":0,""structured"":true,""deck_cards"":60,""confidence_threshold"":0.0,""last_confidence"":1.0,""package_root"":""/homes/lzhang/pocketmon/results/our_agents_2026-08-06/lopunny_froslass_g1""}]"
our_lopunny_froslass_g1,beam_search_940,20370719,0,loss,1,126,4417.601,,,False,"[{""model_actions"":55,""fallback_actions"":0,""load_errors"":0,""inference_errors"":0,""illegal_model_actions"":0,""low_confidence_actions"":0,""illegal_fallback_actions"":0,""emergency_legal_actions"":0,""checkpoint"":""/homes/lzhang/pocketmon/results/our_agents_2026-08-06/lopunny_froslass_g1/checkpoint.pt"",""checkpoint_exists"":true,""checkpoint_sha256"":""f74ff7dab2544b853ae087e867893ba8a49f3b018e2c2e691ea118d6dbf0b0ca"",""history_enabled"":false,""history_tokens"":0,""structured"":true,""deck_cards"":60,""confidence_threshold"":0.0,""last_confidence"":0.6280450224876404,""package_root"":""/homes/lzhang/pocketmon/results/our_agents_2026-08-06/lopunny_froslass_g1""},{}]"
our_lopunny_froslass_g1,lucario_1084,20350719,1,loss,0,76,2629.726,,,False,"[{},{""model_actions"":18,""fallback_actions"":0,""load_errors"":0,""inference_errors"":0,""illegal_model_actions"":0,""low_confidence_actions"":0,""illegal_fallback_actions"":0,""emergency_legal_actions"":0,""checkpoint"":""/homes/lzhang/pocketmon/results/our_agents_2026-08-06/lopunny_froslass_g1/checkpoint.pt"",""checkpoint_exists"":true,""checkpoint_sha256"":""f74ff7dab2544b853ae087e867893ba8a49f3b018e2c2e691ea118d6dbf0b0ca"",""history_enabled"":false,""history_tokens"":0,""structured"":true,""deck_cards"":60,""confidence_threshold"":0.0,""last_confidence"":0.9889321327209473,""package_root"":""/homes/lzhang/pocketmon/results/our_agents_2026-08-06/lopunny_froslass_g1""}]"
our_lopunny_froslass_g1,probabilistic,20360719,1,loss,0,142,3543.769,,,False,"[{},{""model_actions"":64,""fallback_actions"":0,""load_errors"":0,""inference_errors"":0,""illegal_model_actions"":0,""low_confidence_actions"":0,""illegal_fallback_actions"":0,""emergency_legal_actions"":0,""checkpoint"":""/homes/lzhang/pocketmon/results/our_agents_2026-08-06/lopunny_froslass_g1/checkpoint.pt"",""checkpoint_exists"":true,""checkpoint_sha256"":""f74ff7dab2544b853ae087e867893ba8a49f3b018e2c2e691ea118d6dbf0b0ca"",""history_enabled"":false,""history_tokens"":0,""structured"":true,""deck_cards"":60,""confidence_threshold"":0.0,""last_confidence"":0.2731081247329712,""package_root"":""/homes/lzhang/pocketmon/results/our_agents_2026-08-06/lopunny_froslass_g1""}]"
our_lopunny_froslass_g1,archaludon,20300719,1,loss,0,199,2445.693,,,False,"[{},{""model_actions"":114,""fallback_actions"":0,""load_errors"":0,""inference_errors"":0,""illegal_model_actions"":0,""low_confidence_actions"":0,""illegal_fallback_actions"":0,""emergency_legal_actions"":0,""checkpoint"":""/homes/lzhang/pocketmon/results/our_agents_2026-08-06/lopunny_froslass_g1/checkpoint.pt"",""checkpoint_exists"":true,""checkpoint_sha256"":""f74ff7dab2544b853ae087e867893ba8a49f3b018e2c2e691ea118d6dbf0b0ca"",""history_enabled"":false,""history_tokens"":0,""structured"":true,""deck_cards"":60,""confidence_threshold"":0.0,""last_confidence"":0.5431710481643677,""package_root"":""/homes/lzhang/pocketmon/results/our_agents_2026-08-06/lopunny_froslass_g1""}]"
our_dragapult_munkidori_g1,lucario_sample,21340719,1,loss,0,166,5227.001,,,False,"[{},{""model_actions"":88,""fallback_actions"":0,""load_errors"":0,""inference_errors"":0,""illegal_model_actions"":0,""low_confidence_actions"":0,""illegal_fallback_actions"":0,""emergency_legal_actions"":0,""checkpoint"":""/homes/lzhang/pocketmon/results/our_agents_2026-08-06/dragapult_munkidori_g1/checkpoint.pt"",""checkpoint_exists"":true,""checkpoint_sha256"":""8ce5cd8c0fd63ae46a31fd6e0981a252874789d9a3626563c779e95ef6884bf7"",""history_enabled"":false,""history_tokens"":0,""structured"":true,""deck_cards"":60,""confidence_threshold"":0.0,""last_confidence"":0.7894620895385742,""package_root"":""/homes/lzhang/pocketmon/results/our_agents_2026-08-06/dragapult_munkidori_g1""}]"
our_dragapult_munkidori_g1,archaludon,21300720,0,loss,1,170,2385.331,,,False,"[{""model_actions"":106,""fallback_actions"":0,""load_errors"":0,""inference_errors"":0,""illegal_model_actions"":0,""low_confidence_actions"":0,""illegal_fallback_actions"":0,""emergency_legal_actions"":0,""checkpoint"":""/homes/lzhang/pocketmon/results/our_agents_2026-08-06/dragapult_munkidori_g1/checkpoint.pt"",""checkpoint_exists"":true,""checkpoint_sha256"":""8ce5cd8c0fd63ae46a31fd6e0981a252874789d9a3626563c779e95ef6884bf7"",""history_enabled"":false,""history_tokens"":0,""structured"":true,""deck_cards"":60,""confidence_threshold"":0.0,""last_confidence"":1.0,""package_root"":""/homes/lzhang/pocketmon/results/our_agents_2026-08-06/dragapult_munkidori_g1""},{}]"
our_lopunny_froslass_g1,parent_lopunny_g0,20260719,0,win,0,193,14822.325,,,False,"[{""model_actions"":96,""fallback_actions"":0,""load_errors"":0,""inference_errors"":0,""illegal_model_actions"":0,""low_confidence_actions"":0,""illegal_fallback_actions"":0,""emergency_legal_actions"":0,""checkpoint"":""/homes/lzhang/pocketmon/results/our_agents_2026-08-06/lopunny_froslass_g1/checkpoint.pt"",""checkpoint_exists"":true,""checkpoint_sha256"":""f74ff7dab2544b853ae087e867893ba8a49f3b018e2c2e691ea118d6dbf0b0ca"",""history_enabled"":false,""history_tokens"":0,""structured"":true,""deck_cards"":60,""confidence_threshold"":0.0,""last_confidence"":0.8576685190200806,""package_root"":""/homes/lzhang/pocketmon/results/our_agents_2026-08-06/lopunny_froslass_g1""},{""model_actions"":97,""fallback_actions"":0,""load_errors"":0,""inference_errors"":0,""illegal_model_actions"":0,""low_confidence_actions"":0,""illegal_fallback_actions"":0,""emergency_legal_actions"":0,""checkpoint"":""/homes/lzhang/pocketmon/results/our_agents_2026-08-06/lopunny_froslass_g0/checkpoint.pt"",""checkpoint_exists"":true,""checkpoint_sha256"":""ec9f85acd51ac2c8f2e0b3b7977dc33e818d3dde72e234ece85bc1ef9b2fe101"",""history_enabled"":false,""history_tokens"":0,""structured"":true,""deck_cards"":60,""confidence_threshold"":0.0,""last_confidence"":0.6982130408287048,""package_root"":""/homes/lzhang/pocketmon/results/our_agents_2026-08-06/lopunny_froslass_g0""}]"
our_dragapult_munkidori_g1,library_out_1208,21310720,1,loss,0,195,5092.044,,,False,"[{},{""model_actions"":140,""fallback_actions"":0,""load_errors"":0,""inference_errors"":0,""illegal_model_actions"":0,""low_confidence_actions"":0,""illegal_fallback_actions"":0,""emergency_legal_actions"":0,""checkpoint"":""/homes/lzhang/pocketmon/results/our_agents_2026-08-06/dragapult_munkidori_g1/checkpoint.pt"",""checkpoint_exists"":true,""checkpoint_sha256"":""8ce5cd8c0fd63ae46a31fd6e0981a252874789d9a3626563c779e95ef6884bf7"",""history_enabled"":false,""history_tokens"":0,""structured"":true,""deck_cards"":60,""confidence_threshold"":0.0,""last_confidence"":0.404425710439682,""package_root"":""/homes/lzhang/pocketmon/results/our_agents_2026-08-06/dragapult_munkidori_g1""}]"
our_dragapult_munkidori_g1,alakazam_5th,21290720,1,win,1,196,3560.342,,,False,"[{},{""model_actions"":128,""fallback_actions"":0,""load_errors"":0,""inference_errors"":0,""illegal_model_actions"":0,""low_confidence_actions"":0,""illegal_fallback_actions"":0,""emergency_legal_actions"":0,""checkpoint"":""/homes/lzhang/pocketmon/results/our_agents_2026-08-06/dragapult_munkidori_g1/checkpoint.pt"",""checkpoint_exists"":true,""checkpoint_sha256"":""8ce5cd8c0fd63ae46a31fd6e0981a252874789d9a3626563c779e95ef6884bf7"",""history_enabled"":false,""history_tokens"":0,""structured"":true,""deck_cards"":60,""confidence_threshold"":0.0,""last_confidence"":1.0,""package_root"":""/homes/lzhang/pocketmon/results/our_agents_2026-08-06/dragapult_munkidori_g1""}]"
our_lopunny_froslass_g1,lucario_1084,20350720,1,loss,0,170,3950.223,,,False,"[{},{""model_actions"":91,""fallback_actions"":0,""load_errors"":0,""inference_errors"":0,""illegal_model_actions"":0,""low_confidence_actions"":0,""illegal_fallback_actions"":0,""emergency_legal_actions"":0,""checkpoint"":""/homes/lzhang/pocketmon/results/our_agents_2026-08-06/lopunny_froslass_g1/checkpoint.pt"",""checkpoint_exists"":true,""checkpoint_sha256"":""f74ff7dab2544b853ae087e867893ba8a49f3b018e2c2e691ea118d6dbf0b0ca"",""history_enabled"":false,""history_tokens"":0,""structured"":true,""deck_cards"":60,""confidence_threshold"":0.0,""last_confidence"":0.890666127204895,""package_root"":""/homes/lzhang/pocketmon/results/our_agents_2026-08-06/lopunny_froslass_g1""}]"
our_dragapult_munkidori_g1,iono,21330720,0,loss,1,244,3681.422,,,False,"[{""model_actions"":81,""fallback_actions"":0,""load_errors"":0,""inference_errors"":0,""illegal_model_actions"":0,""low_confidence_actions"":0,""illegal_fallback_actions"":0,""emergency_legal_actions"":0,""checkpoint"":""/homes/lzhang/pocketmon/results/our_agents_2026-08-06/dragapult_munkidori_g1/checkpoint.pt"",""checkpoint_exists"":true,""checkpoint_sha256"":""8ce5cd8c0fd63ae46a31fd6e0981a252874789d9a3626563c779e95ef6884bf7"",""history_enabled"":false,""history_tokens"":0,""structured"":true,""deck_cards"":60,""confidence_threshold"":0.0,""last_confidence"":1.0,""package_root"":""/homes/lzhang/pocketmon/results/our_agents_2026-08-06/dragapult_munkidori_g1""},{}]"
our_lopunny_froslass_g1,library_out_1208,20310719,0,win,0,74,2732.075,,,False,"[{""model_actions"":42,""fallback_actions"":0,""load_errors"":0,""inference_errors"":0,""illegal_model_actions"":0,""low_confidence_actions"":0,""illegal_fallback_actions"":0,""emergency_legal_actions"":0,""checkpoint"":""/homes/lzhang/pocketmon/results/our_agents_2026-08-06/lopunny_froslass_g1/checkpoint.pt"",""checkpoint_exists"":true,""checkpoint_sha256"":""f74ff7dab2544b853ae087e867893ba8a49f3b018e2c2e691ea118d6dbf0b0ca"",""history_enabled"":false,""history_tokens"":0,""structured"":true,""deck_cards"":60,""confidence_threshold"":0.0,""last_confidence"":0.8420282602310181,""package_root"":""/homes/lzhang/pocketmon/results/our_agents_2026-08-06/lopunny_froslass_g1""},{}]"
our_dragapult_munkidori_g1,probabilistic,21360719,1,loss,0,169,2477.107,,,False,"[{},{""model_actions"":86,""fallback_actions"":0,""load_errors"":0,""inference_errors"":0,""illegal_model_actions"":0,""low_confidence_actions"":0,""illegal_fallback_actions"":0,""emergency_legal_actions"":0,""checkpoint"":""/homes/lzhang/pocketmon/results/our_agents_2026-08-06/dragapult_munkidori_g1/checkpoint.pt"",""checkpoint_exists"":true,""checkpoint_sha256"":""8ce5cd8c0fd63ae46a31fd6e0981a252874789d9a3626563c779e95ef6884bf7"",""history_enabled"":false,""history_tokens"":0,""structured"":true,""deck_cards"":60,""confidence_threshold"":0.0,""last_confidence"":1.0,""package_root"":""/homes/lzhang/pocketmon/results/our_agents_2026-08-06/dragapult_munkidori_g1""}]"
our_lopunny_froslass_g1,alakazam_5th,20290720,0,win,0,162,2662.666,,,False,"[{""model_actions"":76,""fallback_actions"":0,""load_errors"":0,""inference_errors"":0,""illegal_model_actions"":0,""low_confidence_actions"":0,""illegal_fallback_actions"":0,""emergency_legal_actions"":0,""checkpoint"":""/homes/lzhang/pocketmon/results/our_agents_2026-08-06/lopunny_froslass_g1/checkpoint.pt"",""checkpoint_exists"":true,""checkpoint_sha256"":""f74ff7dab2544b853ae087e867893ba8a49f3b018e2c2e691ea118d6dbf0b0ca"",""history_enabled"":false,""history_tokens"":0,""structured"":true,""deck_cards"":60,""confidence_threshold"":0.0,""last_confidence"":1.0,""package_root"":""/homes/lzhang/pocketmon/results/our_agents_2026-08-06/lopunny_froslass_g1""},{}]"
our_dragapult_munkidori_g1,dragapult,21320719,0,win,0,215,3419.846,,,False,"[{""model_actions"":115,""fallback_actions"":0,""load_errors"":0,""inference_errors"":0,""illegal_model_actions"":0,""low_confidence_actions"":0,""illegal_fallback_actions"":0,""emergency_legal_actions"":0,""checkpoint"":""/homes/lzhang/pocketmon/results/our_agents_2026-08-06/dragapult_munkidori_g1/checkpoint.pt"",""checkpoint_exists"":true,""checkpoint_sha256"":""8ce5cd8c0fd63ae46a31fd6e0981a252874789d9a3626563c779e95ef6884bf7"",""history_enabled"":false,""history_tokens"":0,""structured"":true,""deck_cards"":60,""confidence_threshold"":0.0,""last_confidence"":1.0,""package_root"":""/homes/lzhang/pocketmon/results/our_agents_2026-08-06/dragapult_munkidori_g1""},{}]"
our_lopunny_froslass_g1,grim_hybrid_909,20380719,0,loss,1,244,5509.6,,,False,"[{""model_actions"":115,""fallback_actions"":0,""load_errors"":0,""inference_errors"":0,""illegal_model_actions"":0,""low_confidence_actions"":0,""illegal_fallback_actions"":0,""emergency_legal_actions"":0,""checkpoint"":""/homes/lzhang/pocketmon/results/our_agents_2026-08-06/lopunny_froslass_g1/checkpoint.pt"",""checkpoint_exists"":true,""checkpoint_sha256"":""f74ff7dab2544b853ae087e867893ba8a49f3b018e2c2e691ea118d6dbf0b0ca"",""history_enabled"":false,""history_tokens"":0,""structured"":true,""deck_cards"":60,""confidence_threshold"":0.0,""last_confidence"":0.8431265950202942,""package_root"":""/homes/lzhang/pocketmon/results/our_agents_2026-08-06/lopunny_froslass_g1""},{}]"
our_dragapult_munkidori_g1,beam_search_940,21370720,0,loss,1,125,2542.838,,,False,"[{""model_actions"":64,""fallback_actions"":0,""load_errors"":0,""inference_errors"":0,""illegal_model_actions"":0,""low_confidence_actions"":0,""illegal_fallback_actions"":0,""emergency_legal_actions"":0,""checkpoint"":""/homes/lzhang/pocketmon/results/our_agents_2026-08-06/dragapult_munkidori_g1/checkpoint.pt"",""checkpoint_exists"":true,""checkpoint_sha256"":""8ce5cd8c0fd63ae46a31fd6e0981a252874789d9a3626563c779e95ef6884bf7"",""history_enabled"":false,""history_tokens"":0,""structured"":true,""deck_cards"":60,""confidence_threshold"":0.0,""last_confidence"":0.45466166734695435,""package_root"":""/homes/lzhang/pocketmon/results/our_agents_2026-08-06/dragapult_munkidori_g1""},{}]"
our_lopunny_froslass_g1,iono,20330720,1,loss,0,213,2809.437,,,False,"[{},{""model_actions"":58,""fallback_actions"":0,""load_errors"":0,""inference_errors"":0,""illegal_model_actions"":0,""low_confidence_actions"":0,""illegal_fallback_actions"":0,""emergency_legal_actions"":0,""checkpoint"":""/homes/lzhang/pocketmon/results/our_agents_2026-08-06/lopunny_froslass_g1/checkpoint.pt"",""checkpoint_exists"":true,""checkpoint_sha256"":""f74ff7dab2544b853ae087e867893ba8a49f3b018e2c2e691ea118d6dbf0b0ca"",""history_enabled"":false,""history_tokens"":0,""structured"":true,""deck_cards"":60,""confidence_threshold"":0.0,""last_confidence"":0.8673742413520813,""package_root"":""/homes/lzhang/pocketmon/results/our_agents_2026-08-06/lopunny_froslass_g1""}]"
our_dragapult_munkidori_g1,lucario_1084,21350720,1,loss,0,196,4239.489,,,False,"[{},{""model_actions"":110,""fallback_actions"":0,""load_errors"":0,""inference_errors"":0,""illegal_model_actions"":0,""low_confidence_actions"":0,""illegal_fallback_actions"":0,""emergency_legal_actions"":0,""checkpoint"":""/homes/lzhang/pocketmon/results/our_agents_2026-08-06/dragapult_munkidori_g1/checkpoint.pt"",""checkpoint_exists"":true,""checkpoint_sha256"":""8ce5cd8c0fd63ae46a31fd6e0981a252874789d9a3626563c779e95ef6884bf7"",""history_enabled"":false,""history_tokens"":0,""structured"":true,""deck_cards"":60,""confidence_threshold"":0.0,""last_confidence"":1.0,""package_root"":""/homes/lzhang/pocketmon/results/our_agents_2026-08-06/dragapult_munkidori_g1""}]"
our_dragapult_munkidori_g1,simple_matchup,21390720,1,loss,0,251,5809.125,,,False,"[{},{""model_actions"":150,""fallback_actions"":0,""load_errors"":0,""inference_errors"":0,""illegal_model_actions"":0,""low_confidence_actions"":0,""illegal_fallback_actions"":0,""emergency_legal_actions"":0,""checkpoint"":""/homes/lzhang/pocketmon/results/our_agents_2026-08-06/dragapult_munkidori_g1/checkpoint.pt"",""checkpoint_exists"":true,""checkpoint_sha256"":""8ce5cd8c0fd63ae46a31fd6e0981a252874789d9a3626563c779e95ef6884bf7"",""history_enabled"":false,""history_tokens"":0,""structured"":true,""deck_cards"":60,""confidence_threshold"":0.0,""last_confidence"":0.4953765273094177,""package_root"":""/homes/lzhang/pocketmon/results/our_agents_2026-08-06/dragapult_munkidori_g1""}]"
our_lopunny_froslass_g1,probabilistic,20360720,1,win,1,165,12678.889,,,False,"[{},{""model_actions"":85,""fallback_actions"":0,""load_errors"":0,""inference_errors"":0,""illegal_model_actions"":0,""low_confidence_actions"":0,""illegal_fallback_actions"":0,""emergency_legal_actions"":0,""checkpoint"":""/homes/lzhang/pocketmon/results/our_agents_2026-08-06/lopunny_froslass_g1/checkpoint.pt"",""checkpoint_exists"":true,""checkpoint_sha256"":""f74ff7dab2544b853ae087e867893ba8a49f3b018e2c2e691ea118d6dbf0b0ca"",""history_enabled"":false,""history_tokens"":0,""structured"":true,""deck_cards"":60,""confidence_threshold"":0.0,""last_confidence"":0.8702470660209656,""package_root"":""/homes/lzhang/pocketmon/results/our_agents_2026-08-06/lopunny_froslass_g1""}]"
our_lopunny_froslass_g1,lucario_sample,20340720,1,loss,0,116,4420.63,,,False,"[{},{""model_actions"":50,""fallback_actions"":0,""load_errors"":0,""inference_errors"":0,""illegal_model_actions"":0,""low_confidence_actions"":0,""illegal_fallback_actions"":0,""emergency_legal_actions"":0,""checkpoint"":""/homes/lzhang/pocketmon/results/our_agents_2026-08-06/lopunny_froslass_g1/checkpoint.pt"",""checkpoint_exists"":true,""checkpoint_sha256"":""f74ff7dab2544b853ae087e867893ba8a49f3b018e2c2e691ea118d6dbf0b0ca"",""history_enabled"":false,""history_tokens"":0,""structured"":true,""deck_cards"":60,""confidence_threshold"":0.0,""last_confidence"":0.8618007898330688,""package_root"":""/homes/lzhang/pocketmon/results/our_agents_2026-08-06/lopunny_froslass_g1""}]"
our_dragapult_munkidori_g1,archaludon,21300719,1,loss,0,148,4217.95,,,False,"[{},{""model_actions"":86,""fallback_actions"":0,""load_errors"":0,""inference_errors"":0,""illegal_model_actions"":0,""low_confidence_actions"":0,""illegal_fallback_actions"":0,""emergency_legal_actions"":0,""checkpoint"":""/homes/lzhang/pocketmon/results/our_agents_2026-08-06/dragapult_munkidori_g1/checkpoint.pt"",""checkpoint_exists"":true,""checkpoint_sha256"":""8ce5cd8c0fd63ae46a31fd6e0981a252874789d9a3626563c779e95ef6884bf7"",""history_enabled"":false,""history_tokens"":0,""structured"":true,""deck_cards"":60,""confidence_threshold"":0.0,""last_confidence"":0.597819983959198,""package_root"":""/homes/lzhang/pocketmon/results/our_agents_2026-08-06/dragapult_munkidori_g1""}]"
our_lopunny_froslass_g1,dragapult,20320720,1,win,1,173,3954.27,,,False,"[{},{""model_actions"":74,""fallback_actions"":0,""load_errors"":0,""inference_errors"":0,""illegal_model_actions"":0,""low_confidence_actions"":0,""illegal_fallback_actions"":0,""emergency_legal_actions"":0,""checkpoint"":""/homes/lzhang/pocketmon/results/our_agents_2026-08-06/lopunny_froslass_g1/checkpoint.pt"",""checkpoint_exists"":true,""checkpoint_sha256"":""f74ff7dab2544b853ae087e867893ba8a49f3b018e2c2e691ea118d6dbf0b0ca"",""history_enabled"":false,""history_tokens"":0,""structured"":true,""deck_cards"":60,""confidence_threshold"":0.0,""last_confidence"":0.8779619932174683,""package_root"":""/homes/lzhang/pocketmon/results/our_agents_2026-08-06/lopunny_froslass_g1""}]"
our_dragapult_munkidori_g1,grim_hybrid_909,21380719,0,loss,1,210,3511.63,,,False,"[{""model_actions"":114,""fallback_actions"":0,""load_errors"":0,""inference_errors"":0,""illegal_model_actions"":0,""low_confidence_actions"":0,""illegal_fallback_actions"":0,""emergency_legal_actions"":0,""checkpoint"":""/homes/lzhang/pocketmon/results/our_agents_2026-08-06/dragapult_munkidori_g1/checkpoint.pt"",""checkpoint_exists"":true,""checkpoint_sha256"":""8ce5cd8c0fd63ae46a31fd6e0981a252874789d9a3626563c779e95ef6884bf7"",""history_enabled"":false,""history_tokens"":0,""structured"":true,""deck_cards"":60,""confidence_threshold"":0.0,""last_confidence"":1.0,""package_root"":""/homes/lzhang/pocketmon/results/our_agents_2026-08-06/dragapult_munkidori_g1""},{}]"
our_lopunny_froslass_g1,beam_search_940,20370720,1,loss,0,134,5295.81,,,False,"[{},{""model_actions"":68,""fallback_actions"":0,""load_errors"":0,""inference_errors"":0,""illegal_model_actions"":0,""low_confidence_actions"":0,""illegal_fallback_actions"":0,""emergency_legal_actions"":0,""checkpoint"":""/homes/lzhang/pocketmon/results/our_agents_2026-08-06/lopunny_froslass_g1/checkpoint.pt"",""checkpoint_exists"":true,""checkpoint_sha256"":""f74ff7dab2544b853ae087e867893ba8a49f3b018e2c2e691ea118d6dbf0b0ca"",""history_enabled"":false,""history_tokens"":0,""structured"":true,""deck_cards"":60,""confidence_threshold"":0.0,""last_confidence"":1.0,""package_root"":""/homes/lzhang/pocketmon/results/our_agents_2026-08-06/lopunny_froslass_g1""}]"
our_dragapult_munkidori_g1,parent_dragapult_g0,21270720,1,win,1,223,5814.109,,,False,"[{""model_actions"":105,""fallback_actions"":0,""load_errors"":0,""inference_errors"":0,""illegal_model_actions"":0,""low_confidence_actions"":0,""illegal_fallback_actions"":0,""emergency_legal_actions"":0,""checkpoint"":""/homes/lzhang/pocketmon/results/our_agents_2026-08-06/dragapult_munkidori_g0/checkpoint.pt"",""checkpoint_exists"":true,""checkpoint_sha256"":""cf9631897196c825dd535ac91c73abf0fbef0f3dda812fbb7193629acf65527f"",""history_enabled"":false,""history_tokens"":0,""structured"":true,""deck_cards"":60,""confidence_threshold"":0.0,""last_confidence"":1.0,""package_root"":""/homes/lzhang/pocketmon/results/our_agents_2026-08-06/dragapult_munkidori_g0""},{""model_actions"":118,""fallback_actions"":0,""load_errors"":0,""inference_errors"":0,""illegal_model_actions"":0,""low_confidence_actions"":0,""illegal_fallback_actions"":0,""emergency_legal_actions"":0,""checkpoint"":""/homes/lzhang/pocketmon/results/our_agents_2026-08-06/dragapult_munkidori_g1/checkpoint.pt"",""checkpoint_exists"":true,""checkpoint_sha256"":""8ce5cd8c0fd63ae46a31fd6e0981a252874789d9a3626563c779e95ef6884bf7"",""history_enabled"":false,""history_tokens"":0,""structured"":true,""deck_cards"":60,""confidence_threshold"":0.0,""last_confidence"":1.0,""package_root"":""/homes/lzhang/pocketmon/results/our_agents_2026-08-06/dragapult_munkidori_g1""}]"
our_dragapult_munkidori_g1,dragapult,21320720,0,loss,1,286,13098.643,,,False,"[{""model_actions"":170,""fallback_actions"":0,""load_errors"":0,""inference_errors"":0,""illegal_model_actions"":0,""low_confidence_actions"":0,""illegal_fallback_actions"":0,""emergency_legal_actions"":0,""checkpoint"":""/homes/lzhang/pocketmon/results/our_agents_2026-08-06/dragapult_munkidori_g1/checkpoint.pt"",""checkpoint_exists"":true,""checkpoint_sha256"":""8ce5cd8c0fd63ae46a31fd6e0981a252874789d9a3626563c779e95ef6884bf7"",""history_enabled"":false,""history_tokens"":0,""structured"":true,""deck_cards"":60,""confidence_threshold"":0.0,""last_confidence"":0.5358327627182007,""package_root"":""/homes/lzhang/pocketmon/results/our_agents_2026-08-06/dragapult_munkidori_g1""},{}]"
our_dragapult_munkidori_g1,iono,21330720,1,win,1,231,8330.862,,,False,"[{},{""model_actions"":92,""fallback_actions"":0,""load_errors"":0,""inference_errors"":0,""illegal_model_actions"":0,""low_confidence_actions"":0,""illegal_fallback_actions"":0,""emergency_legal_actions"":0,""checkpoint"":""/homes/lzhang/pocketmon/results/our_agents_2026-08-06/dragapult_munkidori_g1/checkpoint.pt"",""checkpoint_exists"":true,""checkpoint_sha256"":""8ce5cd8c0fd63ae46a31fd6e0981a252874789d9a3626563c779e95ef6884bf7"",""history_enabled"":false,""history_tokens"":0,""structured"":true,""deck_cards"":60,""confidence_threshold"":0.0,""last_confidence"":1.0,""package_root"":""/homes/lzhang/pocketmon/results/our_agents_2026-08-06/dragapult_munkidori_g1""}]"
our_dragapult_munkidori_g1,parent_dragapult_g0,21270719,1,loss,0,218,5141.42,,,False,"[{""model_actions"":130,""fallback_actions"":0,""load_errors"":0,""inference_errors"":0,""illegal_model_actions"":0,""low_confidence_actions"":0,""illegal_fallback_actions"":0,""emergency_legal_actions"":0,""checkpoint"":""/homes/lzhang/pocketmon/results/our_agents_2026-08-06/dragapult_munkidori_g0/checkpoint.pt"",""checkpoint_exists"":true,""checkpoint_sha256"":""cf9631897196c825dd535ac91c73abf0fbef0f3dda812fbb7193629acf65527f"",""history_enabled"":false,""history_tokens"":0,""structured"":true,""deck_cards"":60,""confidence_threshold"":0.0,""last_confidence"":1.0,""package_root"":""/homes/lzhang/pocketmon/results/our_agents_2026-08-06/dragapult_munkidori_g0""},{""model_actions"":88,""fallback_actions"":0,""load_errors"":0,""inference_errors"":0,""illegal_model_actions"":0,""low_confidence_actions"":0,""illegal_fallback_actions"":0,""emergency_legal_actions"":0,""checkpoint"":""/homes/lzhang/pocketmon/results/our_agents_2026-08-06/dragapult_munkidori_g1/checkpoint.pt"",""checkpoint_exists"":true,""checkpoint_sha256"":""8ce5cd8c0fd63ae46a31fd6e0981a252874789d9a3626563c779e95ef6884bf7"",""history_enabled"":false,""history_tokens"":0,""structured"":true,""deck_cards"":60,""confidence_threshold"":0.0,""last_confidence"":1.0,""package_root"":""/homes/lzhang/pocketmon/results/our_agents_2026-08-06/dragapult_munkidori_g1""}]"
our_dragapult_munkidori_g1,roman_recent_885,21400720,0,loss,1,174,9825.628,,,False,"[{""model_actions"":95,""fallback_actions"":0,""load_errors"":0,""inference_errors"":0,""illegal_model_actions"":0,""low_confidence_actions"":0,""illegal_fallback_actions"":0,""emergency_legal_actions"":0,""checkpoint"":""/homes/lzhang/pocketmon/results/our_agents_2026-08-06/dragapult_munkidori_g1/checkpoint.pt"",""checkpoint_exists"":true,""checkpoint_sha256"":""8ce5cd8c0fd63ae46a31fd6e0981a252874789d9a3626563c779e95ef6884bf7"",""history_enabled"":false,""history_tokens"":0,""structured"":true,""deck_cards"":60,""confidence_threshold"":0.0,""last_confidence"":0.7211252450942993,""package_root"":""/homes/lzhang/pocketmon/results/our_agents_2026-08-06/dragapult_munkidori_g1""},{}]"
our_lopunny_froslass_g1,parent_dragapult_g0,20270720,1,win,1,309,4267.287,,,False,"[{""model_actions"":165,""fallback_actions"":0,""load_errors"":0,""inference_errors"":0,""illegal_model_actions"":0,""low_confidence_actions"":0,""illegal_fallback_actions"":0,""emergency_legal_actions"":0,""checkpoint"":""/homes/lzhang/pocketmon/results/our_agents_2026-08-06/dragapult_munkidori_g0/checkpoint.pt"",""checkpoint_exists"":true,""checkpoint_sha256"":""cf9631897196c825dd535ac91c73abf0fbef0f3dda812fbb7193629acf65527f"",""history_enabled"":false,""history_tokens"":0,""structured"":true,""deck_cards"":60,""confidence_threshold"":0.0,""last_confidence"":1.0,""package_root"":""/homes/lzhang/pocketmon/results/our_agents_2026-08-06/dragapult_munkidori_g0""},{""model_actions"":144,""fallback_actions"":0,""load_errors"":0,""inference_errors"":0,""illegal_model_actions"":0,""low_confidence_actions"":0,""illegal_fallback_actions"":0,""emergency_legal_actions"":0,""checkpoint"":""/homes/lzhang/pocketmon/results/our_agents_2026-08-06/lopunny_froslass_g1/checkpoint.pt"",""checkpoint_exists"":true,""checkpoint_sha256"":""f74ff7dab2544b853ae087e867893ba8a49f3b018e2c2e691ea118d6dbf0b0ca"",""history_enabled"":false,""history_tokens"":0,""structured"":true,""deck_cards"":60,""confidence_threshold"":0.0,""last_confidence"":0.8531996011734009,""package_root"":""/homes/lzhang/pocketmon/results/our_agents_2026-08-06/lopunny_froslass_g1""}]"
our_lopunny_froslass_g1,lucario_1084,20350719,0,loss,1,158,3103.456,,,False,"[{""model_actions"":89,""fallback_actions"":0,""load_errors"":0,""inference_errors"":0,""illegal_model_actions"":0,""low_confidence_actions"":0,""illegal_fallback_actions"":0,""emergency_legal_actions"":0,""checkpoint"":""/homes/lzhang/pocketmon/results/our_agents_2026-08-06/lopunny_froslass_g1/checkpoint.pt"",""checkpoint_exists"":true,""checkpoint_sha256"":""f74ff7dab2544b853ae087e867893ba8a49f3b018e2c2e691ea118d6dbf0b0ca"",""history_enabled"":false,""history_tokens"":0,""structured"":true,""deck_cards"":60,""confidence_threshold"":0.0,""last_confidence"":0.3768887519836426,""package_root"":""/homes/lzhang/pocketmon/results/our_agents_2026-08-06/lopunny_froslass_g1""},{}]"
our_dragapult_munkidori_g1,parent_dragapult_g0,21270719,0,loss,1,226,2979.873,,,False,"[{""model_actions"":102,""fallback_actions"":0,""load_errors"":0,""inference_errors"":0,""illegal_model_actions"":0,""low_confidence_actions"":0,""illegal_fallback_actions"":0,""emergency_legal_actions"":0,""checkpoint"":""/homes/lzhang/pocketmon/results/our_agents_2026-08-06/dragapult_munkidori_g1/checkpoint.pt"",""checkpoint_exists"":true,""checkpoint_sha256"":""8ce5cd8c0fd63ae46a31fd6e0981a252874789d9a3626563c779e95ef6884bf7"",""history_enabled"":false,""history_tokens"":0,""structured"":true,""deck_cards"":60,""confidence_threshold"":0.0,""last_confidence"":0.5805180668830872,""package_root"":""/homes/lzhang/pocketmon/results/our_agents_2026-08-06/dragapult_munkidori_g1""},{""model_actions"":124,""fallback_actions"":0,""load_errors"":0,""inference_errors"":0,""illegal_model_actions"":0,""low_confidence_actions"":0,""illegal_fallback_actions"":0,""emergency_legal_actions"":0,""checkpoint"":""/homes/lzhang/pocketmon/results/our_agents_2026-08-06/dragapult_munkidori_g0/checkpoint.pt"",""checkpoint_exists"":true,""checkpoint_sha256"":""cf9631897196c825dd535ac91c73abf0fbef0f3dda812fbb7193629acf65527f"",""history_enabled"":false,""history_tokens"":0,""structured"":true,""deck_cards"":60,""confidence_threshold"":0.0,""last_confidence"":1.0,""package_root"":""/homes/lzhang/pocketmon/results/our_agents_2026-08-06/dragapult_munkidori_g0""}]"
our_lopunny_froslass_g1,alakazam_5th,20290720,1,loss,0,32,2305.936,,,False,"[{},{""model_actions"":10,""fallback_actions"":0,""load_errors"":0,""inference_errors"":0,""illegal_model_actions"":0,""low_confidence_actions"":0,""illegal_fallback_actions"":0,""emergency_legal_actions"":0,""checkpoint"":""/homes/lzhang/pocketmon/results/our_agents_2026-08-06/lopunny_froslass_g1/checkpoint.pt"",""checkpoint_exists"":true,""checkpoint_sha256"":""f74ff7dab2544b853ae087e867893ba8a49f3b018e2c2e691ea118d6dbf0b0ca"",""history_enabled"":false,""history_tokens"":0,""structured"":true,""deck_cards"":60,""confidence_threshold"":0.0,""last_confidence"":0.531999945640564,""package_root"":""/homes/lzhang/pocketmon/results/our_agents_2026-08-06/lopunny_froslass_g1""}]"
our_lopunny_froslass_g1,library_out_1208,20310720,0,loss,1,106,2898.439,,,False,"[{""model_actions"":71,""fallback_actions"":0,""load_errors"":0,""inference_errors"":0,""illegal_model_actions"":0,""low_confidence_actions"":0,""illegal_fallback_actions"":0,""emergency_legal_actions"":0,""checkpoint"":""/homes/lzhang/pocketmon/results/our_agents_2026-08-06/lopunny_froslass_g1/checkpoint.pt"",""checkpoint_exists"":true,""checkpoint_sha256"":""f74ff7dab2544b853ae087e867893ba8a49f3b018e2c2e691ea118d6dbf0b0ca"",""history_enabled"":false,""history_tokens"":0,""structured"":true,""deck_cards"":60,""confidence_threshold"":0.0,""last_confidence"":1.0,""package_root"":""/homes/lzhang/pocketmon/results/our_agents_2026-08-06/lopunny_froslass_g1""},{}]"
our_dragapult_munkidori_g1,probabilistic,21360720,0,loss,1,42,3001.26,,,False,"[{""model_actions"":15,""fallback_actions"":0,""load_errors"":0,""inference_errors"":0,""illegal_model_actions"":0,""low_confidence_actions"":0,""illegal_fallback_actions"":0,""emergency_legal_actions"":0,""checkpoint"":""/homes/lzhang/pocketmon/results/our_agents_2026-08-06/dragapult_munkidori_g1/checkpoint.pt"",""checkpoint_exists"":true,""checkpoint_sha256"":""8ce5cd8c0fd63ae46a31fd6e0981a252874789d9a3626563c779e95ef6884bf7"",""history_enabled"":false,""history_tokens"":0,""structured"":true,""deck_cards"":60,""confidence_threshold"":0.0,""last_confidence"":0.9344705939292908,""package_root"":""/homes/lzhang/pocketmon/results/our_agents_2026-08-06/dragapult_munkidori_g1""},{}]"
our_lopunny_froslass_g1,beam_search_940,20370719,1,loss,0,107,3032.819,,,False,"[{},{""model_actions"":45,""fallback_actions"":0,""load_errors"":0,""inference_errors"":0,""illegal_model_actions"":0,""low_confidence_actions"":0,""illegal_fallback_actions"":0,""emergency_legal_actions"":0,""checkpoint"":""/homes/lzhang/pocketmon/results/our_agents_2026-08-06/lopunny_froslass_g1/checkpoint.pt"",""checkpoint_exists"":true,""checkpoint_sha256"":""f74ff7dab2544b853ae087e867893ba8a49f3b018e2c2e691ea118d6dbf0b0ca"",""history_enabled"":false,""history_tokens"":0,""structured"":true,""deck_cards"":60,""confidence_threshold"":0.0,""last_confidence"":0.4524984359741211,""package_root"":""/homes/lzhang/pocketmon/results/our_agents_2026-08-06/lopunny_froslass_g1""}]"
our_lopunny_froslass_g1,parent_dragapult_g0,20270719,1,win,1,252,3650.082,,,False,"[{""model_actions"":148,""fallback_actions"":0,""load_errors"":0,""inference_errors"":0,""illegal_model_actions"":0,""low_confidence_actions"":0,""illegal_fallback_actions"":0,""emergency_legal_actions"":0,""checkpoint"":""/homes/lzhang/pocketmon/results/our_agents_2026-08-06/dragapult_munkidori_g0/checkpoint.pt"",""checkpoint_exists"":true,""checkpoint_sha256"":""cf9631897196c825dd535ac91c73abf0fbef0f3dda812fbb7193629acf65527f"",""history_enabled"":false,""history_tokens"":0,""structured"":true,""deck_cards"":60,""confidence_threshold"":0.0,""last_confidence"":0.5309745073318481,""package_root"":""/homes/lzhang/pocketmon/results/our_agents_2026-08-06/dragapult_munkidori_g0""},{""model_actions"":104,""fallback_actions"":0,""load_errors"":0,""inference_errors"":0,""illegal_model_actions"":0,""low_confidence_actions"":0,""illegal_fallback_actions"":0,""emergency_legal_actions"":0,""checkpoint"":""/homes/lzhang/pocketmon/results/our_agents_2026-08-06/lopunny_froslass_g1/checkpoint.pt"",""checkpoint_exists"":true,""checkpoint_sha256"":""f74ff7dab2544b853ae087e867893ba8a49f3b018e2c2e691ea118d6dbf0b0ca"",""history_enabled"":false,""history_tokens"":0,""structured"":true,""deck_cards"":60,""confidence_threshold"":0.0,""last_confidence"":1.0,""package_root"":""/homes/lzhang/pocketmon/results/our_agents_2026-08-06/lopunny_froslass_g1""}]"
our_lopunny_froslass_g1,roman_recent_885,20400720,0,loss,1,168,11511.611,,,False,"[{""model_actions"":80,""fallback_actions"":0,""load_errors"":0,""inference_errors"":0,""illegal_model_actions"":0,""low_confidence_actions"":0,""illegal_fallback_actions"":0,""emergency_legal_actions"":0,""checkpoint"":""/homes/lzhang/pocketmon/results/our_agents_2026-08-06/lopunny_froslass_g1/checkpoint.pt"",""checkpoint_exists"":true,""checkpoint_sha256"":""f74ff7dab2544b853ae087e867893ba8a49f3b018e2c2e691ea118d6dbf0b0ca"",""history_enabled"":false,""history_tokens"":0,""structured"":true,""deck_cards"":60,""confidence_threshold"":0.0,""last_confidence"":0.6008426547050476,""package_root"":""/homes/lzhang/pocketmon/results/our_agents_2026-08-06/lopunny_froslass_g1""},{}]"
our_dragapult_munkidori_g1,beam_search_940,21370720,1,win,1,165,9345.894,,,False,"[{},{""model_actions"":109,""fallback_actions"":0,""load_errors"":0,""inference_errors"":0,""illegal_model_actions"":0,""low_confidence_actions"":0,""illegal_fallback_actions"":0,""emergency_legal_actions"":0,""checkpoint"":""/homes/lzhang/pocketmon/results/our_agents_2026-08-06/dragapult_munkidori_g1/checkpoint.pt"",""checkpoint_exists"":true,""checkpoint_sha256"":""8ce5cd8c0fd63ae46a31fd6e0981a252874789d9a3626563c779e95ef6884bf7"",""history_enabled"":false,""history_tokens"":0,""structured"":true,""deck_cards"":60,""confidence_threshold"":0.0,""last_confidence"":1.0,""package_root"":""/homes/lzhang/pocketmon/results/our_agents_2026-08-06/dragapult_munkidori_g1""}]"
our_dragapult_munkidori_g1,alakazam_5th,21290719,0,win,0,233,7624.049,,,False,"[{""model_actions"":133,""fallback_actions"":0,""load_errors"":0,""inference_errors"":0,""illegal_model_actions"":0,""low_confidence_actions"":0,""illegal_fallback_actions"":0,""emergency_legal_actions"":0,""checkpoint"":""/homes/lzhang/pocketmon/results/our_agents_2026-08-06/dragapult_munkidori_g1/checkpoint.pt"",""checkpoint_exists"":true,""checkpoint_sha256"":""8ce5cd8c0fd63ae46a31fd6e0981a252874789d9a3626563c779e95ef6884bf7"",""history_enabled"":false,""history_tokens"":0,""structured"":true,""deck_cards"":60,""confidence_threshold"":0.0,""last_confidence"":1.0,""package_root"":""/homes/lzhang/pocketmon/results/our_agents_2026-08-06/dragapult_munkidori_g1""},{}]"
our_dragapult_munkidori_g1,parent_lopunny_g0,21260719,0,win,0,197,6133.402,,,False,"[{""model_actions"":98,""fallback_actions"":0,""load_errors"":0,""inference_errors"":0,""illegal_model_actions"":0,""low_confidence_actions"":0,""illegal_fallback_actions"":0,""emergency_legal_actions"":0,""checkpoint"":""/homes/lzhang/pocketmon/results/our_agents_2026-08-06/dragapult_munkidori_g1/checkpoint.pt"",""checkpoint_exists"":true,""checkpoint_sha256"":""8ce5cd8c0fd63ae46a31fd6e0981a252874789d9a3626563c779e95ef6884bf7"",""history_enabled"":false,""history_tokens"":0,""structured"":true,""deck_cards"":60,""confidence_threshold"":0.0,""last_confidence"":0.8228188753128052,""package_root"":""/homes/lzhang/pocketmon/results/our_agents_2026-08-06/dragapult_munkidori_g1""},{""model_actions"":99,""fallback_actions"":0,""load_errors"":0,""inference_errors"":0,""illegal_model_actions"":0,""low_confidence_actions"":0,""illegal_fallback_actions"":0,""emergency_legal_actions"":0,""checkpoint"":""/homes/lzhang/pocketmon/results/our_agents_2026-08-06/lopunny_froslass_g0/checkpoint.pt"",""checkpoint_exists"":true,""checkpoint_sha256"":""ec9f85acd51ac2c8f2e0b3b7977dc33e818d3dde72e234ece85bc1ef9b2fe101"",""history_enabled"":false,""history_tokens"":0,""structured"":true,""deck_cards"":60,""confidence_threshold"":0.0,""last_confidence"":0.7677497267723083,""package_root"":""/homes/lzhang/pocketmon/results/our_agents_2026-08-06/lopunny_froslass_g0""}]"
our_lopunny_froslass_g1,beam_search_940,20370720,0,loss,1,16,2844.242,,,False,"[{""model_actions"":8,""fallback_actions"":0,""load_errors"":0,""inference_errors"":0,""illegal_model_actions"":0,""low_confidence_actions"":0,""illegal_fallback_actions"":0,""emergency_legal_actions"":0,""checkpoint"":""/homes/lzhang/pocketmon/results/our_agents_2026-08-06/lopunny_froslass_g1/checkpoint.pt"",""checkpoint_exists"":true,""checkpoint_sha256"":""f74ff7dab2544b853ae087e867893ba8a49f3b018e2c2e691ea118d6dbf0b0ca"",""history_enabled"":false,""history_tokens"":0,""structured"":true,""deck_cards"":60,""confidence_threshold"":0.0,""last_confidence"":0.5590049624443054,""package_root"":""/homes/lzhang/pocketmon/results/our_agents_2026-08-06/lopunny_froslass_g1""},{}]"
our_lopunny_froslass_g1,library_out_1208,20310719,1,loss,0,165,3421.997,,,False,"[{},{""model_actions"":100,""fallback_actions"":0,""load_errors"":0,""inference_errors"":0,""illegal_model_actions"":0,""low_confidence_actions"":0,""illegal_fallback_actions"":0,""emergency_legal_actions"":0,""checkpoint"":""/homes/lzhang/pocketmon/results/our_agents_2026-08-06/lopunny_froslass_g1/checkpoint.pt"",""checkpoint_exists"":true,""checkpoint_sha256"":""f74ff7dab2544b853ae087e867893ba8a49f3b018e2c2e691ea118d6dbf0b0ca"",""history_enabled"":false,""history_tokens"":0,""structured"":true,""deck_cards"":60,""confidence_threshold"":0.0,""last_confidence"":0.5374749302864075,""package_root"":""/homes/lzhang/pocketmon/results/our_agents_2026-08-06/lopunny_froslass_g1""}]"
our_dragapult_munkidori_g1,official_random,21280720,0,win,0,91,4018.018,,,False,"[{""model_actions"":76,""fallback_actions"":0,""load_errors"":0,""inference_errors"":0,""illegal_model_actions"":0,""low_confidence_actions"":0,""illegal_fallback_actions"":0,""emergency_legal_actions"":0,""checkpoint"":""/homes/lzhang/pocketmon/results/our_agents_2026-08-06/dragapult_munkidori_g1/checkpoint.pt"",""checkpoint_exists"":true,""checkpoint_sha256"":""8ce5cd8c0fd63ae46a31fd6e0981a252874789d9a3626563c779e95ef6884bf7"",""history_enabled"":false,""history_tokens"":0,""structured"":true,""deck_cards"":60,""confidence_threshold"":0.0,""last_confidence"":0.7876532673835754,""package_root"":""/homes/lzhang/pocketmon/results/our_agents_2026-08-06/dragapult_munkidori_g1""},{}]"
our_lopunny_froslass_g1,parent_lopunny_g0,20260720,0,win,0,288,14407.166,,,False,"[{""model_actions"":130,""fallback_actions"":0,""load_errors"":0,""inference_errors"":0,""illegal_model_actions"":0,""low_confidence_actions"":0,""illegal_fallback_actions"":0,""emergency_legal_actions"":0,""checkpoint"":""/homes/lzhang/pocketmon/results/our_agents_2026-08-06/lopunny_froslass_g1/checkpoint.pt"",""checkpoint_exists"":true,""checkpoint_sha256"":""f74ff7dab2544b853ae087e867893ba8a49f3b018e2c2e691ea118d6dbf0b0ca"",""history_enabled"":false,""history_tokens"":0,""structured"":true,""deck_cards"":60,""confidence_threshold"":0.0,""last_confidence"":0.7488610148429871,""package_root"":""/homes/lzhang/pocketmon/results/our_agents_2026-08-06/lopunny_froslass_g1""},{""model_actions"":158,""fallback_actions"":0,""load_errors"":0,""inference_errors"":0,""illegal_model_actions"":0,""low_confidence_actions"":0,""illegal_fallback_actions"":0,""emergency_legal_actions"":0,""checkpoint"":""/homes/lzhang/pocketmon/results/our_agents_2026-08-06/lopunny_froslass_g0/checkpoint.pt"",""checkpoint_exists"":true,""checkpoint_sha256"":""ec9f85acd51ac2c8f2e0b3b7977dc33e818d3dde72e234ece85bc1ef9b2fe101"",""history_enabled"":false,""history_tokens"":0,""structured"":true,""deck_cards"":60,""confidence_threshold"":0.0,""last_confidence"":0.3809165954589844,""package_root"":""/homes/lzhang/pocketmon/results/our_agents_2026-08-06/lopunny_froslass_g0""}]"
our_dragapult_munkidori_g1,library_out_1208,21310719,1,loss,0,150,7606.431,,,False,"[{},{""model_actions"":108,""fallback_actions"":0,""load_errors"":0,""inference_errors"":0,""illegal_model_actions"":0,""low_confidence_actions"":0,""illegal_fallback_actions"":0,""emergency_legal_actions"":0,""checkpoint"":""/homes/lzhang/pocketmon/results/our_agents_2026-08-06/dragapult_munkidori_g1/checkpoint.pt"",""checkpoint_exists"":true,""checkpoint_sha256"":""8ce5cd8c0fd63ae46a31fd6e0981a252874789d9a3626563c779e95ef6884bf7"",""history_enabled"":false,""history_tokens"":0,""structured"":true,""deck_cards"":60,""confidence_threshold"":0.0,""last_confidence"":0.23692263662815094,""package_root"":""/homes/lzhang/pocketmon/results/our_agents_2026-08-06/dragapult_munkidori_g1""}]"
our_dragapult_munkidori_g1,lucario_sample,21340719,0,loss,1,148,4412.287,,,False,"[{""model_actions"":80,""fallback_actions"":0,""load_errors"":0,""inference_errors"":0,""illegal_model_actions"":0,""low_confidence_actions"":0,""illegal_fallback_actions"":0,""emergency_legal_actions"":0,""checkpoint"":""/homes/lzhang/pocketmon/results/our_agents_2026-08-06/dragapult_munkidori_g1/checkpoint.pt"",""checkpoint_exists"":true,""checkpoint_sha256"":""8ce5cd8c0fd63ae46a31fd6e0981a252874789d9a3626563c779e95ef6884bf7"",""history_enabled"":false,""history_tokens"":0,""structured"":true,""deck_cards"":60,""confidence_threshold"":0.0,""last_confidence"":1.0,""package_root"":""/homes/lzhang/pocketmon/results/our_agents_2026-08-06/dragapult_munkidori_g1""},{}]"
our_lopunny_froslass_g1,alakazam_5th,20290719,0,loss,1,14,2563.919,,,False,"[{""model_actions"":7,""fallback_actions"":0,""load_errors"":0,""inference_errors"":0,""illegal_model_actions"":0,""low_confidence_actions"":0,""illegal_fallback_actions"":0,""emergency_legal_actions"":0,""checkpoint"":""/homes/lzhang/pocketmon/results/our_agents_2026-08-06/lopunny_froslass_g1/checkpoint.pt"",""checkpoint_exists"":true,""checkpoint_sha256"":""f74ff7dab2544b853ae087e867893ba8a49f3b018e2c2e691ea118d6dbf0b0ca"",""history_enabled"":false,""history_tokens"":0,""structured"":true,""deck_cards"":60,""confidence_threshold"":0.0,""last_confidence"":0.3999544680118561,""package_root"":""/homes/lzhang/pocketmon/results/our_agents_2026-08-06/lopunny_froslass_g1""},{}]"
our_lopunny_froslass_g1,dragapult,20320719,0,loss,1,172,3801.308,,,False,"[{""model_actions"":49,""fallback_actions"":0,""load_errors"":0,""inference_errors"":0,""illegal_model_actions"":0,""low_confidence_actions"":0,""illegal_fallback_actions"":0,""emergency_legal_actions"":0,""checkpoint"":""/homes/lzhang/pocketmon/results/our_agents_2026-08-06/lopunny_froslass_g1/checkpoint.pt"",""checkpoint_exists"":true,""checkpoint_sha256"":""f74ff7dab2544b853ae087e867893ba8a49f3b018e2c2e691ea118d6dbf0b0ca"",""history_enabled"":false,""history_tokens"":0,""structured"":true,""deck_cards"":60,""confidence_threshold"":0.0,""last_confidence"":1.0,""package_root"":""/homes/lzhang/pocketmon/results/our_agents_2026-08-06/lopunny_froslass_g1""},{}]"
our_lopunny_froslass_g1,probabilistic,20360720,0,loss,1,88,3375.33,,,False,"[{""model_actions"":34,""fallback_actions"":0,""load_errors"":0,""inference_errors"":0,""illegal_model_actions"":0,""low_confidence_actions"":0,""illegal_fallback_actions"":0,""emergency_legal_actions"":0,""checkpoint"":""/homes/lzhang/pocketmon/results/our_agents_2026-08-06/lopunny_froslass_g1/checkpoint.pt"",""checkpoint_exists"":true,""checkpoint_sha256"":""f74ff7dab2544b853ae087e867893ba8a49f3b018e2c2e691ea118d6dbf0b0ca"",""history_enabled"":false,""history_tokens"":0,""structured"":true,""deck_cards"":60,""confidence_threshold"":0.0,""last_confidence"":1.0,""package_root"":""/homes/lzhang/pocketmon/results/our_agents_2026-08-06/lopunny_froslass_g1""},{}]"
our_lopunny_froslass_g1,roman_recent_885,20400719,1,win,1,160,7869.334,,,False,"[{},{""model_actions"":68,""fallback_actions"":0,""load_errors"":0,""inference_errors"":0,""illegal_model_actions"":0,""low_confidence_actions"":0,""illegal_fallback_actions"":0,""emergency_legal_actions"":0,""checkpoint"":""/homes/lzhang/pocketmon/results/our_agents_2026-08-06/lopunny_froslass_g1/checkpoint.pt"",""checkpoint_exists"":true,""checkpoint_sha256"":""f74ff7dab2544b853ae087e867893ba8a49f3b018e2c2e691ea118d6dbf0b0ca"",""history_enabled"":false,""history_tokens"":0,""structured"":true,""deck_cards"":60,""confidence_threshold"":0.0,""last_confidence"":0.7862239480018616,""package_root"":""/homes/lzhang/pocketmon/results/our_agents_2026-08-06/lopunny_froslass_g1""}]"
our_dragapult_munkidori_g1,simple_matchup,21390719,1,loss,0,112,3609.717,,,False,"[{},{""model_actions"":55,""fallback_actions"":0,""load_errors"":0,""inference_errors"":0,""illegal_model_actions"":0,""low_confidence_actions"":0,""illegal_fallback_actions"":0,""emergency_legal_actions"":0,""checkpoint"":""/homes/lzhang/pocketmon/results/our_agents_2026-08-06/dragapult_munkidori_g1/checkpoint.pt"",""checkpoint_exists"":true,""checkpoint_sha256"":""8ce5cd8c0fd63ae46a31fd6e0981a252874789d9a3626563c779e95ef6884bf7"",""history_enabled"":false,""history_tokens"":0,""structured"":true,""deck_cards"":60,""confidence_threshold"":0.0,""last_confidence"":0.4785913825035095,""package_root"":""/homes/lzhang/pocketmon/results/our_agents_2026-08-06/dragapult_munkidori_g1""}]"
our_dragapult_munkidori_g1,lucario_1084,21350719,0,loss,1,202,6858.345,,,False,"[{""model_actions"":124,""fallback_actions"":0,""load_errors"":0,""inference_errors"":0,""illegal_model_actions"":0,""low_confidence_actions"":0,""illegal_fallback_actions"":0,""emergency_legal_actions"":0,""checkpoint"":""/homes/lzhang/pocketmon/results/our_agents_2026-08-06/dragapult_munkidori_g1/checkpoint.pt"",""checkpoint_exists"":true,""checkpoint_sha256"":""8ce5cd8c0fd63ae46a31fd6e0981a252874789d9a3626563c779e95ef6884bf7"",""history_enabled"":false,""history_tokens"":0,""structured"":true,""deck_cards"":60,""confidence_threshold"":0.0,""last_confidence"":0.7364800572395325,""package_root"":""/homes/lzhang/pocketmon/results/our_agents_2026-08-06/dragapult_munkidori_g1""},{}]"
our_lopunny_froslass_g1,lucario_sample,20340719,0,loss,1,138,6476.078,,,False,"[{""model_actions"":58,""fallback_actions"":0,""load_errors"":0,""inference_errors"":0,""illegal_model_actions"":0,""low_confidence_actions"":0,""illegal_fallback_actions"":0,""emergency_legal_actions"":0,""checkpoint"":""/homes/lzhang/pocketmon/results/our_agents_2026-08-06/lopunny_froslass_g1/checkpoint.pt"",""checkpoint_exists"":true,""checkpoint_sha256"":""f74ff7dab2544b853ae087e867893ba8a49f3b018e2c2e691ea118d6dbf0b0ca"",""history_enabled"":false,""history_tokens"":0,""structured"":true,""deck_cards"":60,""confidence_threshold"":0.0,""last_confidence"":0.853976845741272,""package_root"":""/homes/lzhang/pocketmon/results/our_agents_2026-08-06/lopunny_froslass_g1""},{}]"
our_dragapult_munkidori_g1,grim_hybrid_909,21380720,0,loss,1,154,12739.342,,,False,"[{""model_actions"":85,""fallback_actions"":0,""load_errors"":0,""inference_errors"":0,""illegal_model_actions"":0,""low_confidence_actions"":0,""illegal_fallback_actions"":0,""emergency_legal_actions"":0,""checkpoint"":""/homes/lzhang/pocketmon/results/our_agents_2026-08-06/dragapult_munkidori_g1/checkpoint.pt"",""checkpoint_exists"":true,""checkpoint_sha256"":""8ce5cd8c0fd63ae46a31fd6e0981a252874789d9a3626563c779e95ef6884bf7"",""history_enabled"":false,""history_tokens"":0,""structured"":true,""deck_cards"":60,""confidence_threshold"":0.0,""last_confidence"":0.8324055671691895,""package_root"":""/homes/lzhang/pocketmon/results/our_agents_2026-08-06/dragapult_munkidori_g1""},{}]"
our_lopunny_froslass_g1,simple_matchup,20390720,1,loss,0,99,6540.157,,,False,"[{},{""model_actions"":44,""fallback_actions"":0,""load_errors"":0,""inference_errors"":0,""illegal_model_actions"":0,""low_confidence_actions"":0,""illegal_fallback_actions"":0,""emergency_legal_actions"":0,""checkpoint"":""/homes/lzhang/pocketmon/results/our_agents_2026-08-06/lopunny_froslass_g1/checkpoint.pt"",""checkpoint_exists"":true,""checkpoint_sha256"":""f74ff7dab2544b853ae087e867893ba8a49f3b018e2c2e691ea118d6dbf0b0ca"",""history_enabled"":false,""history_tokens"":0,""structured"":true,""deck_cards"":60,""confidence_threshold"":0.0,""last_confidence"":0.35290879011154175,""package_root"":""/homes/lzhang/pocketmon/results/our_agents_2026-08-06/lopunny_froslass_g1""}]"
our_dragapult_munkidori_g1,library_out_1208,21310719,0,loss,1,149,5589.668,,,False,"[{""model_actions"":115,""fallback_actions"":0,""load_errors"":0,""inference_errors"":0,""illegal_model_actions"":0,""low_confidence_actions"":0,""illegal_fallback_actions"":0,""emergency_legal_actions"":0,""checkpoint"":""/homes/lzhang/pocketmon/results/our_agents_2026-08-06/dragapult_munkidori_g1/checkpoint.pt"",""checkpoint_exists"":true,""checkpoint_sha256"":""8ce5cd8c0fd63ae46a31fd6e0981a252874789d9a3626563c779e95ef6884bf7"",""history_enabled"":false,""history_tokens"":0,""structured"":true,""deck_cards"":60,""confidence_threshold"":0.0,""last_confidence"":0.31061866879463196,""package_root"":""/homes/lzhang/pocketmon/results/our_agents_2026-08-06/dragapult_munkidori_g1""},{}]"
our_dragapult_munkidori_g1,iono,21330719,1,loss,0,173,5440.672,,,False,"[{},{""model_actions"":27,""fallback_actions"":0,""load_errors"":0,""inference_errors"":0,""illegal_model_actions"":0,""low_confidence_actions"":0,""illegal_fallback_actions"":0,""emergency_legal_actions"":0,""checkpoint"":""/homes/lzhang/pocketmon/results/our_agents_2026-08-06/dragapult_munkidori_g1/checkpoint.pt"",""checkpoint_exists"":true,""checkpoint_sha256"":""8ce5cd8c0fd63ae46a31fd6e0981a252874789d9a3626563c779e95ef6884bf7"",""history_enabled"":false,""history_tokens"":0,""structured"":true,""deck_cards"":60,""confidence_threshold"":0.0,""last_confidence"":0.7657381892204285,""package_root"":""/homes/lzhang/pocketmon/results/our_agents_2026-08-06/dragapult_munkidori_g1""}]"
our_dragapult_munkidori_g1,lucario_sample,21340720,0,loss,1,169,6687.031,,,False,"[{""model_actions"":79,""fallback_actions"":0,""load_errors"":0,""inference_errors"":0,""illegal_model_actions"":0,""low_confidence_actions"":0,""illegal_fallback_actions"":0,""emergency_legal_actions"":0,""checkpoint"":""/homes/lzhang/pocketmon/results/our_agents_2026-08-06/dragapult_munkidori_g1/checkpoint.pt"",""checkpoint_exists"":true,""checkpoint_sha256"":""8ce5cd8c0fd63ae46a31fd6e0981a252874789d9a3626563c779e95ef6884bf7"",""history_enabled"":false,""history_tokens"":0,""structured"":true,""deck_cards"":60,""confidence_threshold"":0.0,""last_confidence"":0.9054509401321411,""package_root"":""/homes/lzhang/pocketmon/results/our_agents_2026-08-06/dragapult_munkidori_g1""},{}]"
our_dragapult_munkidori_g1,roman_recent_885,21400719,0,loss,1,144,8731.287,,,False,"[{""model_actions"":74,""fallback_actions"":0,""load_errors"":0,""inference_errors"":0,""illegal_model_actions"":0,""low_confidence_actions"":0,""illegal_fallback_actions"":0,""emergency_legal_actions"":0,""checkpoint"":""/homes/lzhang/pocketmon/results/our_agents_2026-08-06/dragapult_munkidori_g1/checkpoint.pt"",""checkpoint_exists"":true,""checkpoint_sha256"":""8ce5cd8c0fd63ae46a31fd6e0981a252874789d9a3626563c779e95ef6884bf7"",""history_enabled"":false,""history_tokens"":0,""structured"":true,""deck_cards"":60,""confidence_threshold"":0.0,""last_confidence"":1.0,""package_root"":""/homes/lzhang/pocketmon/results/our_agents_2026-08-06/dragapult_munkidori_g1""},{}]"
our_lopunny_froslass_g1,grim_hybrid_909,20380720,0,loss,1,142,5024.918,,,False,"[{""model_actions"":52,""fallback_actions"":0,""load_errors"":0,""inference_errors"":0,""illegal_model_actions"":0,""low_confidence_actions"":0,""illegal_fallback_actions"":0,""emergency_legal_actions"":0,""checkpoint"":""/homes/lzhang/pocketmon/results/our_agents_2026-08-06/lopunny_froslass_g1/checkpoint.pt"",""checkpoint_exists"":true,""checkpoint_sha256"":""f74ff7dab2544b853ae087e867893ba8a49f3b018e2c2e691ea118d6dbf0b0ca"",""history_enabled"":false,""history_tokens"":0,""structured"":true,""deck_cards"":60,""confidence_threshold"":0.0,""last_confidence"":0.7476980090141296,""package_root"":""/homes/lzhang/pocketmon/results/our_agents_2026-08-06/lopunny_froslass_g1""},{}]"
our_lopunny_froslass_g1,official_random,20280720,1,win,1,132,7191.003,,,False,"[{},{""model_actions"":97,""fallback_actions"":0,""load_errors"":0,""inference_errors"":0,""illegal_model_actions"":0,""low_confidence_actions"":0,""illegal_fallback_actions"":0,""emergency_legal_actions"":0,""checkpoint"":""/homes/lzhang/pocketmon/results/our_agents_2026-08-06/lopunny_froslass_g1/checkpoint.pt"",""checkpoint_exists"":true,""checkpoint_sha256"":""f74ff7dab2544b853ae087e867893ba8a49f3b018e2c2e691ea118d6dbf0b0ca"",""history_enabled"":false,""history_tokens"":0,""structured"":true,""deck_cards"":60,""confidence_threshold"":0.0,""last_confidence"":0.8564379215240479,""package_root"":""/homes/lzhang/pocketmon/results/our_agents_2026-08-06/lopunny_froslass_g1""}]"
our_lopunny_froslass_g1,dragapult,20320720,0,loss,1,236,6605.211,,,False,"[{""model_actions"":103,""fallback_actions"":0,""load_errors"":0,""inference_errors"":0,""illegal_model_actions"":0,""low_confidence_actions"":0,""illegal_fallback_actions"":0,""emergency_legal_actions"":0,""checkpoint"":""/homes/lzhang/pocketmon/results/our_agents_2026-08-06/lopunny_froslass_g1/checkpoint.pt"",""checkpoint_exists"":true,""checkpoint_sha256"":""f74ff7dab2544b853ae087e867893ba8a49f3b018e2c2e691ea118d6dbf0b0ca"",""history_enabled"":false,""history_tokens"":0,""structured"":true,""deck_cards"":60,""confidence_threshold"":0.0,""last_confidence"":0.5524881482124329,""package_root"":""/homes/lzhang/pocketmon/results/our_agents_2026-08-06/lopunny_froslass_g1""},{}]"
our_lopunny_froslass_g1,iono,20330719,1,win,1,287,6054.401,,,False,"[{},{""model_actions"":85,""fallback_actions"":0,""load_errors"":0,""inference_errors"":0,""illegal_model_actions"":0,""low_confidence_actions"":0,""illegal_fallback_actions"":0,""emergency_legal_actions"":0,""checkpoint"":""/homes/lzhang/pocketmon/results/our_agents_2026-08-06/lopunny_froslass_g1/checkpoint.pt"",""checkpoint_exists"":true,""checkpoint_sha256"":""f74ff7dab2544b853ae087e867893ba8a49f3b018e2c2e691ea118d6dbf0b0ca"",""history_enabled"":false,""history_tokens"":0,""structured"":true,""deck_cards"":60,""confidence_threshold"":0.0,""last_confidence"":0.8838226199150085,""package_root"":""/homes/lzhang/pocketmon/results/our_agents_2026-08-06/lopunny_froslass_g1""}]"
our_dragapult_munkidori_g1,official_random,21280719,1,win,1,62,3467.736,,,False,"[{},{""model_actions"":50,""fallback_actions"":0,""load_errors"":0,""inference_errors"":0,""illegal_model_actions"":0,""low_confidence_actions"":0,""illegal_fallback_actions"":0,""emergency_legal_actions"":0,""checkpoint"":""/homes/lzhang/pocketmon/results/our_agents_2026-08-06/dragapult_munkidori_g1/checkpoint.pt"",""checkpoint_exists"":true,""checkpoint_sha256"":""8ce5cd8c0fd63ae46a31fd6e0981a252874789d9a3626563c779e95ef6884bf7"",""history_enabled"":false,""history_tokens"":0,""structured"":true,""deck_cards"":60,""confidence_threshold"":0.0,""last_confidence"":0.7719621062278748,""package_root"":""/homes/lzhang/pocketmon/results/our_agents_2026-08-06/dragapult_munkidori_g1""}]"
our_dragapult_munkidori_g1,simple_matchup,21390719,0,loss,1,135,4248.253,,,False,"[{""model_actions"":69,""fallback_actions"":0,""load_errors"":0,""inference_errors"":0,""illegal_model_actions"":0,""low_confidence_actions"":0,""illegal_fallback_actions"":0,""emergency_legal_actions"":0,""checkpoint"":""/homes/lzhang/pocketmon/results/our_agents_2026-08-06/dragapult_munkidori_g1/checkpoint.pt"",""checkpoint_exists"":true,""checkpoint_sha256"":""8ce5cd8c0fd63ae46a31fd6e0981a252874789d9a3626563c779e95ef6884bf7"",""history_enabled"":false,""history_tokens"":0,""structured"":true,""deck_cards"":60,""confidence_threshold"":0.0,""last_confidence"":1.0,""package_root"":""/homes/lzhang/pocketmon/results/our_agents_2026-08-06/dragapult_munkidori_g1""},{}]"
our_dragapult_munkidori_g1,archaludon,21300720,1,loss,0,156,5437.831,,,False,"[{},{""model_actions"":102,""fallback_actions"":0,""load_errors"":0,""inference_errors"":0,""illegal_model_actions"":0,""low_confidence_actions"":0,""illegal_fallback_actions"":0,""emergency_legal_actions"":0,""checkpoint"":""/homes/lzhang/pocketmon/results/our_agents_2026-08-06/dragapult_munkidori_g1/checkpoint.pt"",""checkpoint_exists"":true,""checkpoint_sha256"":""8ce5cd8c0fd63ae46a31fd6e0981a252874789d9a3626563c779e95ef6884bf7"",""history_enabled"":false,""history_tokens"":0,""structured"":true,""deck_cards"":60,""confidence_threshold"":0.0,""last_confidence"":0.33149483799934387,""package_root"":""/homes/lzhang/pocketmon/results/our_agents_2026-08-06/dragapult_munkidori_g1""}]"
our_dragapult_munkidori_g1,official_random,21280720,1,win,1,167,6098.069,,,False,"[{},{""model_actions"":123,""fallback_actions"":0,""load_errors"":0,""inference_errors"":0,""illegal_model_actions"":0,""low_confidence_actions"":0,""illegal_fallback_actions"":0,""emergency_legal_actions"":0,""checkpoint"":""/homes/lzhang/pocketmon/results/our_agents_2026-08-06/dragapult_munkidori_g1/checkpoint.pt"",""checkpoint_exists"":true,""checkpoint_sha256"":""8ce5cd8c0fd63ae46a31fd6e0981a252874789d9a3626563c779e95ef6884bf7"",""history_enabled"":false,""history_tokens"":0,""structured"":true,""deck_cards"":60,""confidence_threshold"":0.0,""last_confidence"":0.7967399954795837,""package_root"":""/homes/lzhang/pocketmon/results/our_agents_2026-08-06/dragapult_munkidori_g1""}]"
our_dragapult_munkidori_g1,lucario_1084,21350720,0,loss,1,122,3627.422,,,False,"[{""model_actions"":53,""fallback_actions"":0,""load_errors"":0,""inference_errors"":0,""illegal_model_actions"":0,""low_confidence_actions"":0,""illegal_fallback_actions"":0,""emergency_legal_actions"":0,""checkpoint"":""/homes/lzhang/pocketmon/results/our_agents_2026-08-06/dragapult_munkidori_g1/checkpoint.pt"",""checkpoint_exists"":true,""checkpoint_sha256"":""8ce5cd8c0fd63ae46a31fd6e0981a252874789d9a3626563c779e95ef6884bf7"",""history_enabled"":false,""history_tokens"":0,""structured"":true,""deck_cards"":60,""confidence_threshold"":0.0,""last_confidence"":0.9837213158607483,""package_root"":""/homes/lzhang/pocketmon/results/our_agents_2026-08-06/dragapult_munkidori_g1""},{}]"
our_dragapult_munkidori_g1,library_out_1208,21310720,0,loss,1,146,5047.303,,,False,"[{""model_actions"":104,""fallback_actions"":0,""load_errors"":0,""inference_errors"":0,""illegal_model_actions"":0,""low_confidence_actions"":0,""illegal_fallback_actions"":0,""emergency_legal_actions"":0,""checkpoint"":""/homes/lzhang/pocketmon/results/our_agents_2026-08-06/dragapult_munkidori_g1/checkpoint.pt"",""checkpoint_exists"":true,""checkpoint_sha256"":""8ce5cd8c0fd63ae46a31fd6e0981a252874789d9a3626563c779e95ef6884bf7"",""history_enabled"":false,""history_tokens"":0,""structured"":true,""deck_cards"":60,""confidence_threshold"":0.0,""last_confidence"":0.41302675008773804,""package_root"":""/homes/lzhang/pocketmon/results/our_agents_2026-08-06/dragapult_munkidori_g1""},{}]"
our_lopunny_froslass_g1,roman_recent_885,20400719,0,loss,1,131,7780.726,,,False,"[{""model_actions"":48,""fallback_actions"":0,""load_errors"":0,""inference_errors"":0,""illegal_model_actions"":0,""low_confidence_actions"":0,""illegal_fallback_actions"":0,""emergency_legal_actions"":0,""checkpoint"":""/homes/lzhang/pocketmon/results/our_agents_2026-08-06/lopunny_froslass_g1/checkpoint.pt"",""checkpoint_exists"":true,""checkpoint_sha256"":""f74ff7dab2544b853ae087e867893ba8a49f3b018e2c2e691ea118d6dbf0b0ca"",""history_enabled"":false,""history_tokens"":0,""structured"":true,""deck_cards"":60,""confidence_threshold"":0.0,""last_confidence"":1.0,""package_root"":""/homes/lzhang/pocketmon/results/our_agents_2026-08-06/lopunny_froslass_g1""},{}]"
our_lopunny_froslass_g1,parent_dragapult_g0,20270719,0,loss,1,273,11390.407,,,False,"[{""model_actions"":133,""fallback_actions"":0,""load_errors"":0,""inference_errors"":0,""illegal_model_actions"":0,""low_confidence_actions"":0,""illegal_fallback_actions"":0,""emergency_legal_actions"":0,""checkpoint"":""/homes/lzhang/pocketmon/results/our_agents_2026-08-06/lopunny_froslass_g1/checkpoint.pt"",""checkpoint_exists"":true,""checkpoint_sha256"":""f74ff7dab2544b853ae087e867893ba8a49f3b018e2c2e691ea118d6dbf0b0ca"",""history_enabled"":false,""history_tokens"":0,""structured"":true,""deck_cards"":60,""confidence_threshold"":0.0,""last_confidence"":0.8479812741279602,""package_root"":""/homes/lzhang/pocketmon/results/our_agents_2026-08-06/lopunny_froslass_g1""},{""model_actions"":140,""fallback_actions"":0,""load_errors"":0,""inference_errors"":0,""illegal_model_actions"":0,""low_confidence_actions"":0,""illegal_fallback_actions"":0,""emergency_legal_actions"":0,""checkpoint"":""/homes/lzhang/pocketmon/results/our_agents_2026-08-06/dragapult_munkidori_g0/checkpoint.pt"",""checkpoint_exists"":true,""checkpoint_sha256"":""cf9631897196c825dd535ac91c73abf0fbef0f3dda812fbb7193629acf65527f"",""history_enabled"":false,""history_tokens"":0,""structured"":true,""deck_cards"":60,""confidence_threshold"":0.0,""last_confidence"":0.7558106184005737,""package_root"":""/homes/lzhang/pocketmon/results/our_agents_2026-08-06/dragapult_munkidori_g0""}]"
our_dragapult_munkidori_g1,official_random,21280719,0,win,0,90,8894.956,,,False,"[{""model_actions"":79,""fallback_actions"":0,""load_errors"":0,""inference_errors"":0,""illegal_model_actions"":0,""low_confidence_actions"":0,""illegal_fallback_actions"":0,""emergency_legal_actions"":0,""checkpoint"":""/homes/lzhang/pocketmon/results/our_agents_2026-08-06/dragapult_munkidori_g1/checkpoint.pt"",""checkpoint_exists"":true,""checkpoint_sha256"":""8ce5cd8c0fd63ae46a31fd6e0981a252874789d9a3626563c779e95ef6884bf7"",""history_enabled"":false,""history_tokens"":0,""structured"":true,""deck_cards"":60,""confidence_threshold"":0.0,""last_confidence"":0.7888877391815186,""package_root"":""/homes/lzhang/pocketmon/results/our_agents_2026-08-06/dragapult_munkidori_g1""},{}]"
our_dragapult_munkidori_g1,parent_lopunny_g0,21260719,1,loss,0,202,10077.098,,,False,"[{""model_actions"":84,""fallback_actions"":0,""load_errors"":0,""inference_errors"":0,""illegal_model_actions"":0,""low_confidence_actions"":0,""illegal_fallback_actions"":0,""emergency_legal_actions"":0,""checkpoint"":""/homes/lzhang/pocketmon/results/our_agents_2026-08-06/lopunny_froslass_g0/checkpoint.pt"",""checkpoint_exists"":true,""checkpoint_sha256"":""ec9f85acd51ac2c8f2e0b3b7977dc33e818d3dde72e234ece85bc1ef9b2fe101"",""history_enabled"":false,""history_tokens"":0,""structured"":true,""deck_cards"":60,""confidence_threshold"":0.0,""last_confidence"":0.5061165690422058,""package_root"":""/homes/lzhang/pocketmon/results/our_agents_2026-08-06/lopunny_froslass_g0""},{""model_actions"":118,""fallback_actions"":0,""load_errors"":0,""inference_errors"":0,""illegal_model_actions"":0,""low_confidence_actions"":0,""illegal_fallback_actions"":0,""emergency_legal_actions"":0,""checkpoint"":""/homes/lzhang/pocketmon/results/our_agents_2026-08-06/dragapult_munkidori_g1/checkpoint.pt"",""checkpoint_exists"":true,""checkpoint_sha256"":""8ce5cd8c0fd63ae46a31fd6e0981a252874789d9a3626563c779e95ef6884bf7"",""history_enabled"":false,""history_tokens"":0,""structured"":true,""deck_cards"":60,""confidence_threshold"":0.0,""last_confidence"":1.0,""package_root"":""/homes/lzhang/pocketmon/results/our_agents_2026-08-06/dragapult_munkidori_g1""}]"
our_lopunny_froslass_g1,official_random,20280720,0,win,0,31,3967.908,,,False,"[{""model_actions"":26,""fallback_actions"":0,""load_errors"":0,""inference_errors"":0,""illegal_model_actions"":0,""low_confidence_actions"":0,""illegal_fallback_actions"":0,""emergency_legal_actions"":0,""checkpoint"":""/homes/lzhang/pocketmon/results/our_agents_2026-08-06/lopunny_froslass_g1/checkpoint.pt"",""checkpoint_exists"":true,""checkpoint_sha256"":""f74ff7dab2544b853ae087e867893ba8a49f3b018e2c2e691ea118d6dbf0b0ca"",""history_enabled"":false,""history_tokens"":0,""structured"":true,""deck_cards"":60,""confidence_threshold"":0.0,""last_confidence"":0.7932366132736206,""package_root"":""/homes/lzhang/pocketmon/results/our_agents_2026-08-06/lopunny_froslass_g1""},{}]"
our_lopunny_froslass_g1,lucario_sample,20340720,0,loss,1,148,4168.456,,,False,"[{""model_actions"":72,""fallback_actions"":0,""load_errors"":0,""inference_errors"":0,""illegal_model_actions"":0,""low_confidence_actions"":0,""illegal_fallback_actions"":0,""emergency_legal_actions"":0,""checkpoint"":""/homes/lzhang/pocketmon/results/our_agents_2026-08-06/lopunny_froslass_g1/checkpoint.pt"",""checkpoint_exists"":true,""checkpoint_sha256"":""f74ff7dab2544b853ae087e867893ba8a49f3b018e2c2e691ea118d6dbf0b0ca"",""history_enabled"":false,""history_tokens"":0,""structured"":true,""deck_cards"":60,""confidence_threshold"":0.0,""last_confidence"":0.894946277141571,""package_root"":""/homes/lzhang/pocketmon/results/our_agents_2026-08-06/lopunny_froslass_g1""},{}]"
our_dragapult_munkidori_g1,dragapult,21320719,1,loss,0,85,3987.793,,,False,"[{},{""model_actions"":26,""fallback_actions"":0,""load_errors"":0,""inference_errors"":0,""illegal_model_actions"":0,""low_confidence_actions"":0,""illegal_fallback_actions"":0,""emergency_legal_actions"":0,""checkpoint"":""/homes/lzhang/pocketmon/results/our_agents_2026-08-06/dragapult_munkidori_g1/checkpoint.pt"",""checkpoint_exists"":true,""checkpoint_sha256"":""8ce5cd8c0fd63ae46a31fd6e0981a252874789d9a3626563c779e95ef6884bf7"",""history_enabled"":false,""history_tokens"":0,""structured"":true,""deck_cards"":60,""confidence_threshold"":0.0,""last_confidence"":1.0,""package_root"":""/homes/lzhang/pocketmon/results/our_agents_2026-08-06/dragapult_munkidori_g1""}]"
our_lopunny_froslass_g1,dragapult,20320719,1,loss,0,211,4823.169,,,False,"[{},{""model_actions"":82,""fallback_actions"":0,""load_errors"":0,""inference_errors"":0,""illegal_model_actions"":0,""low_confidence_actions"":0,""illegal_fallback_actions"":0,""emergency_legal_actions"":0,""checkpoint"":""/homes/lzhang/pocketmon/results/our_agents_2026-08-06/lopunny_froslass_g1/checkpoint.pt"",""checkpoint_exists"":true,""checkpoint_sha256"":""f74ff7dab2544b853ae087e867893ba8a49f3b018e2c2e691ea118d6dbf0b0ca"",""history_enabled"":false,""history_tokens"":0,""structured"":true,""deck_cards"":60,""confidence_threshold"":0.0,""last_confidence"":1.0,""package_root"":""/homes/lzhang/pocketmon/results/our_agents_2026-08-06/lopunny_froslass_g1""}]"
our_dragapult_munkidori_g1,parent_lopunny_g0,21260720,1,win,1,246,10512.453,,,False,"[{""model_actions"":90,""fallback_actions"":0,""load_errors"":0,""inference_errors"":0,""illegal_model_actions"":0,""low_confidence_actions"":0,""illegal_fallback_actions"":0,""emergency_legal_actions"":0,""checkpoint"":""/homes/lzhang/pocketmon/results/our_agents_2026-08-06/lopunny_froslass_g0/checkpoint.pt"",""checkpoint_exists"":true,""checkpoint_sha256"":""ec9f85acd51ac2c8f2e0b3b7977dc33e818d3dde72e234ece85bc1ef9b2fe101"",""history_enabled"":false,""history_tokens"":0,""structured"":true,""deck_cards"":60,""confidence_threshold"":0.0,""last_confidence"":0.274636447429657,""package_root"":""/homes/lzhang/pocketmon/results/our_agents_2026-08-06/lopunny_froslass_g0""},{""model_actions"":156,""fallback_actions"":0,""load_errors"":0,""inference_errors"":0,""illegal_model_actions"":0,""low_confidence_actions"":0,""illegal_fallback_actions"":0,""emergency_legal_actions"":0,""checkpoint"":""/homes/lzhang/pocketmon/results/our_agents_2026-08-06/dragapult_munkidori_g1/checkpoint.pt"",""checkpoint_exists"":true,""checkpoint_sha256"":""8ce5cd8c0fd63ae46a31fd6e0981a252874789d9a3626563c779e95ef6884bf7"",""history_enabled"":false,""history_tokens"":0,""structured"":true,""deck_cards"":60,""confidence_threshold"":0.0,""last_confidence"":0.8823555707931519,""package_root"":""/homes/lzhang/pocketmon/results/our_agents_2026-08-06/dragapult_munkidori_g1""}]"
our_lopunny_froslass_g1,archaludon,20300720,0,loss,1,132,4721.036,,,False,"[{""model_actions"":80,""fallback_actions"":0,""load_errors"":0,""inference_errors"":0,""illegal_model_actions"":0,""low_confidence_actions"":0,""illegal_fallback_actions"":0,""emergency_legal_actions"":0,""checkpoint"":""/homes/lzhang/pocketmon/results/our_agents_2026-08-06/lopunny_froslass_g1/checkpoint.pt"",""checkpoint_exists"":true,""checkpoint_sha256"":""f74ff7dab2544b853ae087e867893ba8a49f3b018e2c2e691ea118d6dbf0b0ca"",""history_enabled"":false,""history_tokens"":0,""structured"":true,""deck_cards"":60,""confidence_threshold"":0.0,""last_confidence"":0.8814712762832642,""package_root"":""/homes/lzhang/pocketmon/results/our_agents_2026-08-06/lopunny_froslass_g1""},{}]"
our_lopunny_froslass_g1,simple_matchup,20390719,1,win,1,145,4770.023,,,False,"[{},{""model_actions"":74,""fallback_actions"":0,""load_errors"":0,""inference_errors"":0,""illegal_model_actions"":0,""low_confidence_actions"":0,""illegal_fallback_actions"":0,""emergency_legal_actions"":0,""checkpoint"":""/homes/lzhang/pocketmon/results/our_agents_2026-08-06/lopunny_froslass_g1/checkpoint.pt"",""checkpoint_exists"":true,""checkpoint_sha256"":""f74ff7dab2544b853ae087e867893ba8a49f3b018e2c2e691ea118d6dbf0b0ca"",""history_enabled"":false,""history_tokens"":0,""structured"":true,""deck_cards"":60,""confidence_threshold"":0.0,""last_confidence"":0.8966467380523682,""package_root"":""/homes/lzhang/pocketmon/results/our_agents_2026-08-06/lopunny_froslass_g1""}]"
our_lopunny_froslass_g1,grim_hybrid_909,20380719,1,loss,0,161,5790.348,,,False,"[{},{""model_actions"":74,""fallback_actions"":0,""load_errors"":0,""inference_errors"":0,""illegal_model_actions"":0,""low_confidence_actions"":0,""illegal_fallback_actions"":0,""emergency_legal_actions"":0,""checkpoint"":""/homes/lzhang/pocketmon/results/our_agents_2026-08-06/lopunny_froslass_g1/checkpoint.pt"",""checkpoint_exists"":true,""checkpoint_sha256"":""f74ff7dab2544b853ae087e867893ba8a49f3b018e2c2e691ea118d6dbf0b0ca"",""history_enabled"":false,""history_tokens"":0,""structured"":true,""deck_cards"":60,""confidence_threshold"":0.0,""last_confidence"":0.49261146783828735,""package_root"":""/homes/lzhang/pocketmon/results/our_agents_2026-08-06/lopunny_froslass_g1""}]"
our_lopunny_froslass_g1,probabilistic,20360719,0,loss,1,150,5069.394,,,False,"[{""model_actions"":73,""fallback_actions"":0,""load_errors"":0,""inference_errors"":0,""illegal_model_actions"":0,""low_confidence_actions"":0,""illegal_fallback_actions"":0,""emergency_legal_actions"":0,""checkpoint"":""/homes/lzhang/pocketmon/results/our_agents_2026-08-06/lopunny_froslass_g1/checkpoint.pt"",""checkpoint_exists"":true,""checkpoint_sha256"":""f74ff7dab2544b853ae087e867893ba8a49f3b018e2c2e691ea118d6dbf0b0ca"",""history_enabled"":false,""history_tokens"":0,""structured"":true,""deck_cards"":60,""confidence_threshold"":0.0,""last_confidence"":0.4958000183105469,""package_root"":""/homes/lzhang/pocketmon/results/our_agents_2026-08-06/lopunny_froslass_g1""},{}]"
our_lopunny_froslass_g1,lucario_1084,20350720,0,loss,1,121,5525.874,,,False,"[{""model_actions"":59,""fallback_actions"":0,""load_errors"":0,""inference_errors"":0,""illegal_model_actions"":0,""low_confidence_actions"":0,""illegal_fallback_actions"":0,""emergency_legal_actions"":0,""checkpoint"":""/homes/lzhang/pocketmon/results/our_agents_2026-08-06/lopunny_froslass_g1/checkpoint.pt"",""checkpoint_exists"":true,""checkpoint_sha256"":""f74ff7dab2544b853ae087e867893ba8a49f3b018e2c2e691ea118d6dbf0b0ca"",""history_enabled"":false,""history_tokens"":0,""structured"":true,""deck_cards"":60,""confidence_threshold"":0.0,""last_confidence"":0.8600345253944397,""package_root"":""/homes/lzhang/pocketmon/results/our_agents_2026-08-06/lopunny_froslass_g1""},{}]"
